
> wildkin-frontier@0.3.0-alpha.1 verify
> node --test --test-concurrency=2 tests/**/*.test.js && node tools/check-world.mjs && node tools/check-campaign.mjs && node tools/build-submission.mjs && node tools/validate-submission.mjs

TAP version 13
# Subtest: active run validation clones only the run contract, never a second inventory
ok 1 - active run validation clones only the run contract, never a second inventory
  ---
  duration_ms: 4.1972
  type: 'test'
  ...
# Subtest: malformed run identity, values and companion/discovery lists reject rather than coerce
ok 2 - malformed run identity, values and companion/discovery lists reject rather than coerce
  ---
  duration_ms: 1.1264
  type: 'test'
  ...
# Subtest: session restores the same run from a resolved state and can resolve exactly once
ok 3 - session restores the same run from a resolved state and can resolve exactly once
  ---
  duration_ms: 3.9774
  type: 'test'
  ...
# Subtest: health restoration resets combat transients with one final HUD update and no damage effects
ok 4 - health restoration resets combat transients with one final HUD update and no damage effects
  ---
  duration_ms: 1.9185
  type: 'test'
  ...
# Subtest: pending restore has one owner, filters owned identities, rejects invalid/capacity atomically
ok 5 - pending restore has one owner, filters owned identities, rejects invalid/capacity atomically
  ---
  duration_ms: 12.3443
  type: 'test'
  ...
# Subtest: actual companion capture saves before removal; failed save preserves paid attempt and retry costs nothing
ok 6 - actual companion capture saves before removal; failed save preserves paid attempt and retry costs nothing
  ---
  duration_ms: 17.4512
  type: 'test'
  ...
# Subtest: restoring bonds clears unfinished paid taming without a refund, capture or checkpoint
ok 7 - restoring bonds clears unfinished paid taming without a refund, capture or checkpoint
  ---
  duration_ms: 5.9211
  type: 'test'
  ...
# Subtest: Emberhorn final paid berry offer is not charged again after a capture-save failure
ok 8 - Emberhorn final paid berry offer is not charged again after a capture-save failure
  ---
  duration_ms: 1.2705
  type: 'test'
  ...
# Subtest: airborne control config
    # Subtest: airAcceleration 10 and airDeceleration 5
    ok 1 - airAcceleration 10 and airDeceleration 5
      ---
      duration_ms: 1.1745
      type: 'test'
      ...
    # Subtest: airMinSpeedCap is walkSpeed
    ok 2 - airMinSpeedCap is walkSpeed
      ---
      duration_ms: 0.2857
      type: 'test'
      ...
    # Subtest: air control is constant/config-driven
    ok 3 - air control is constant/config-driven
      ---
      duration_ms: 0.2277
      type: 'test'
      ...
    1..3
ok 9 - airborne control config
  ---
  duration_ms: 3.2208
  type: 'suite'
  ...
# Subtest: Run input cannot increase cap after entering air
    # Subtest: walk takeoff cap stays walk, Run held does not reach run speed
    ok 1 - walk takeoff cap stays walk, Run held does not reach run speed
      ---
      duration_ms: 0.6463
      type: 'test'
      ...
    # Subtest: run takeoff preserves run momentum but cannot exceed run cap
    ok 2 - run takeoff preserves run momentum but cannot exceed run cap
      ---
      duration_ms: 0.252
      type: 'test'
      ...
    1..2
ok 10 - Run input cannot increase cap after entering air
  ---
  duration_ms: 1.2569
  type: 'suite'
  ...
# Subtest: Walk/Sneak/Run modifiers produce same air-control acceleration
    # Subtest: same dir, different bands, same delta per frame
    ok 1 - same dir, different bands, same delta per frame
      ---
      duration_ms: 0.4383
      type: 'test'
      ...
    1..1
ok 11 - Walk/Sneak/Run modifiers produce same air-control acceleration
  ---
  duration_ms: 0.8566
  type: 'suite'
  ...
# Subtest: air deceleration without input
    # Subtest: reduces speed by airDeceleration*dt per frame
    ok 1 - reduces speed by airDeceleration*dt per frame
      ---
      duration_ms: 0.6358
      type: 'test'
      ...
    # Subtest: eventually stops without input
    ok 2 - eventually stops without input
      ---
      duration_ms: 0.3258
      type: 'test'
      ...
    1..2
ok 12 - air deceleration without input
  ---
  duration_ms: 1.3267
  type: 'suite'
  ...
# Subtest: FALL state for ordinary ledge falls
    # Subtest: FALL is distinct from JUMP and uses same air control (config check)
    ok 1 - FALL is distinct from JUMP and uses same air control (config check)
      ---
      duration_ms: 0.3148
      type: 'test'
      ...
    1..1
ok 13 - FALL state for ordinary ledge falls
  ---
  duration_ms: 0.7561
  type: 'suite'
  ...
# Subtest: landing no longer performs horizontal magnet correction
    # Subtest: landing position is not snapped to authored region (Rapier determines it)
    ok 1 - landing position is not snapped to authored region (Rapier determines it)
      ---
      duration_ms: 0.2694
      type: 'test'
      ...
    1..1
ok 14 - landing no longer performs horizontal magnet correction
  ---
  duration_ms: 0.3997
  type: 'suite'
  ...
# Subtest: Free Camp placement and field supplies
    # Subtest: validates the rotated full footprint, player, reserved objects, slopes and structure overlap
    ok 1 - validates the rotated full footprint, player, reserved objects, slopes and structure overlap
      ---
      duration_ms: 2.9908
      type: 'test'
      ...
    # Subtest: owns physical pack cost, grounding, ID idempotence and friendly refunds
    ok 2 - owns physical pack cost, grounding, ID idempotence and friendly refunds
      ---
      duration_ms: 329.1472
      type: 'test'
      ...
    # Subtest: supports furniture and walls on floors, preserves support through reload, prevents orphaning
    ok 3 - supports furniture and walls on floors, preserves support through reload, prevents orphaning
      ---
      duration_ms: 255.7724
      type: 'test'
      ...
    # Subtest: preserves paid Camp access and requires the matching station for advanced gear
    ok 4 - preserves paid Camp access and requires the matching station for advanced gear
      ---
      duration_ms: 275.6489
      type: 'test'
      ...
    # Subtest: rolls back placement, removal, expansion, field recipes and existing medkit paths on storage failure
    ok 5 - rolls back placement, removal, expansion, field recipes and existing medkit paths on storage failure
      ---
      duration_ms: 268.8739
      type: 'test'
      ...
    # Subtest: covers load, export/import, clear, defensive snapshots and malformed imported structures
    ok 6 - covers load, export/import, clear, defensive snapshots and malformed imported structures
      ---
      duration_ms: 262.2934
      type: 'test'
      ...
    1..6
ok 15 - Free Camp placement and field supplies
  ---
  duration_ms: 1396.4916
  type: 'suite'
  ...
# Subtest: fresh Camp bed search finds the locked portrait witness from the player origin
ok 16 - fresh Camp bed search finds the locked portrait witness from the player origin
  ---
  duration_ms: 305.4407
  type: 'test'
  ...
# Subtest: every build family returns a result accepted by the unchanged placement validator
ok 17 - every build family returns a result accepted by the unchanged placement validator
  ---
  duration_ms: 283.011
  type: 'test'
  ...
# Subtest: the final four-metre ring remains available after nearer candidates fail
ok 18 - the final four-metre ring remains available after nearer candidates fail
  ---
  duration_ms: 0.9853
  type: 'test'
  ...
# Subtest: an exhausted search returns null after the bounded deduplicated candidate set
ok 19 - an exhausted search returns null after the bounded deduplicated candidate set
  ---
  duration_ms: 1.1311
  type: 'test'
  ...
# Subtest: placement view lifecycle begins after a legal target and closes once for every exit path
ok 20 - placement view lifecycle begins after a legal target and closes once for every exit path
  ---
  duration_ms: 384.4837
  type: 'test'
  ...
# Subtest: Camp runtime preserves doorway opening and owns collider travel/removal/disposal lifecycle
ok 21 - Camp runtime preserves doorway opening and owns collider travel/removal/disposal lifecycle
  ---
  duration_ms: 527.1422
  type: 'test'
  ...
# Subtest: Camp interaction chooses the nearest visible furniture or yard while stations retain priority
ok 22 - Camp interaction chooses the nearest visible furniture or yard while stations retain priority
  ---
  duration_ms: 304.884
  type: 'test'
  ...
# Subtest: bonding requires three deliberate valid echoes and ignores rapid repeat input
ok 23 - bonding requires three deliberate valid echoes and ignores rapid repeat input
  ---
  duration_ms: 2.7409
  type: 'test'
  ...
# Subtest: cancelled, failed and full bonds never become successful captures
ok 24 - cancelled, failed and full bonds never become successful captures
  ---
  duration_ms: 0.683
  type: 'test'
  ...
# Subtest: core cannot bypass guardian; reacquiring a lost mission Core never duplicates its supplies or XP
ok 25 - core cannot bypass guardian; reacquiring a lost mission Core never duplicates its supplies or XP
  ---
  duration_ms: 6.2077
  type: 'test'
  ...
# Subtest: Campaign readiness
    # Subtest: reports the shipped campaign as coherent and labels walkability as an estimate
    ok 1 - reports the shipped campaign as coherent and labels walkability as an estimate
      ---
      duration_ms: 1135.1767
      type: 'test'
      ...
    # Subtest: reports actual draft route and finale breakage without mutating the draft
    ok 2 - reports actual draft route and finale breakage without mutating the draft
      ---
      duration_ms: 1117.7572
      type: 'test'
      ...
    # Subtest: does not count starter gifts as a renewable source for taming supplies
    ok 3 - does not count starter gifts as a renewable source for taming supplies
      ---
      duration_ms: 1160.562
      type: 'test'
      ...
    # Subtest: treats the shallow survey floor as walkable but retains raised slabs and cabin walls as blockers
    ok 4 - treats the shallow survey floor as walkable but retains raised slabs and cabin walls as blockers
      ---
      duration_ms: 3911.1051
      type: 'test'
      ...
    1..4
ok 26 - Campaign readiness
  ---
  duration_ms: 7326.5856
  type: 'suite'
  ...
# Subtest: Heartwood Guardian encounter
    # Subtest: telegraphs for the authored safe-escape window, then resolves once
    ok 1 - telegraphs for the authored safe-escape window, then resolves once
      ---
      duration_ms: 3.3846
      type: 'test'
      ...
    # Subtest: freezes safely while disabled and creates at most two sequential enrage telegraphs
    ok 2 - freezes safely while disabled and creates at most two sequential enrage telegraphs
      ---
      duration_ms: 0.3549
      type: 'test'
      ...
    # Subtest: only damages a player still inside the marked ring and never progresses under a modal
    ok 3 - only damages a player still inside the marked ring and never progresses under a modal
      ---
      duration_ms: 4.8147
      type: 'test'
      ...
    # Subtest: keeps the defeated Heartwood Guardian out for this expedition, then restores it on reset
    ok 4 - keeps the defeated Heartwood Guardian out for this expedition, then restores it on reset
      ---
      duration_ms: 25.3517
      type: 'test'
      ...
    1..4
ok 27 - Heartwood Guardian encounter
  ---
  duration_ms: 35.7262
  type: 'suite'
  ...
# Subtest: Beta progression save foundation
    # Subtest: migrates legacy resources and equipment to the pod, requiring an explicit withdrawal
    ok 1 - migrates legacy resources and equipment to the pod, requiring an explicit withdrawal
      ---
      duration_ms: 293.1784
      type: 'test'
      ...
    # Subtest: purchases the next catalog tier atomically and respects level gates
    ok 2 - purchases the next catalog tier atomically and respects level gates
      ---
      duration_ms: 262.9819
      type: 'test'
      ...
    # Subtest: secures companions and campaign rewards once per resolved run/objective
    ok 3 - secures companions and campaign rewards once per resolved run/objective
      ---
      duration_ms: 259.0274
      type: 'test'
      ...
    # Subtest: crafts and consumes only validated non-premium medkits
    ok 4 - crafts and consumes only validated non-premium medkits
      ---
      duration_ms: 252.5595
      type: 'test'
      ...
    # Subtest: persists generic upgrades, companions, and consumables through reload
    ok 5 - persists generic upgrades, companions, and consumables through reload
      ---
      duration_ms: 504.0409
      type: 'test'
      ...
    # Subtest: keeps fresh modifiers inactive and makes capture capacity upgrades meaningful
    ok 6 - keeps fresh modifiers inactive and makes capture capacity upgrades meaningful
      ---
      duration_ms: 252.7019
      type: 'test'
      ...
    # Subtest: never banks negative XP and keeps the finale locked until the Heartwood Core is secured
    ok 7 - never banks negative XP and keeps the finale locked until the Heartwood Core is secured
      ---
      duration_ms: 251.1626
      type: 'test'
      ...
    # Subtest: banks a resolved extraction and its permanent companion/core outcomes in one idempotent save
    ok 8 - banks a resolved extraction and its permanent companion/core outcomes in one idempotent save
      ---
      duration_ms: 512.7571
      type: 'test'
      ...
    # Subtest: rejects corrupt v3 quantities without truncation or replacing a prior import/save
    ok 9 - rejects corrupt v3 quantities without truncation or replacing a prior import/save
      ---
      duration_ms: 523.5977
      type: 'test'
      ...
    # Subtest: rejects malformed legacy quantities while retaining the original bytes
    ok 10 - rejects malformed legacy quantities while retaining the original bytes
      ---
      duration_ms: 274.0859
      type: 'test'
      ...
    # Subtest: still bounds non-inventory progression counters and lists while preserving valid small quantities
    ok 11 - still bounds non-inventory progression counters and lists while preserving valid small quantities
      ---
      duration_ms: 280.9064
      type: 'test'
      ...
    # Subtest: exports a versioned envelope and only imports validated, durably written state
    ok 12 - exports a versioned envelope and only imports validated, durably written state
      ---
      duration_ms: 539.0301
      type: 'test'
      ...
    # Subtest: imports both legacy envelope versions through the same finite pod migration
    ok 13 - imports both legacy envelope versions through the same finite pod migration
      ---
      duration_ms: 533.0744
      type: 'test'
      ...
    # Subtest: reports storage failures and rolls back a failed import instead of claiming persistence
    ok 14 - reports storage failures and rolls back a failed import instead of claiming persistence
      ---
      duration_ms: 259.5019
      type: 'test'
      ...
    # Subtest: rolls back failed banking and leaves the same run eligible for a durable retry
    ok 15 - rolls back failed banking and leaves the same run eligible for a durable retry
      ---
      duration_ms: 255.3123
      type: 'test'
      ...
    # Subtest: does not resolve an active extraction when banking reports a storage failure
    ok 16 - does not resolve an active extraction when banking reports a storage failure
      ---
      duration_ms: 3.6898
      type: 'test'
      ...
    1..16
ok 28 - Beta progression save foundation
  ---
  duration_ms: 5260.2061
  type: 'suite'
  ...
# Subtest: Beta runtime support
    # Subtest: applies configured max health without erasing the current damage deficit
    ok 1 - applies configured max health without erasing the current damage deficit
      ---
      duration_ms: 5.4415
      type: 'test'
      ...
    # Subtest: holds then captures a creature without awarding a kill or leaving a live target
    ok 2 - holds then captures a creature without awarding a kill or leaving a live target
      ---
      duration_ms: 8.8125
      type: 'test'
      ...
    1..2
ok 29 - Beta runtime support
  ---
  duration_ms: 15.8243
  type: 'suite'
  ...
# Subtest: Early Access authored campaign
    # Subtest: ships the five-section frontier route with reciprocal progression gates
    ok 1 - ships the five-section frontier route with reciprocal progression gates
      ---
      duration_ms: 2.7126
      type: 'test'
      ...
    # Subtest: keeps companion candidates and gated reward identity stable
    ok 2 - keeps companion candidates and gated reward identity stable
      ---
      duration_ms: 295.7289
      type: 'test'
      ...
    # Subtest: retains former course rewards as distinct hidden terrain caches
    ok 3 - retains former course rewards as distinct hidden terrain caches
      ---
      duration_ms: 0.3669
      type: 'test'
      ...
    1..3
ok 30 - Early Access authored campaign
  ---
  duration_ms: 300.4154
  type: 'suite'
  ...
# Subtest: cache doors open before tray and other instances remain closed
ok 31 - cache doors open before tray and other instances remain closed
  ---
  duration_ms: 3.4399
  type: 'test'
  ...
# Subtest: pause freezes parts; Author resets and saved reentry snaps to persistent state
ok 32 - pause freezes parts; Author resets and saved reentry snaps to persistent state
  ---
  duration_ms: 0.7615
  type: 'test'
  ...
# Subtest: reduced motion shows completed state without creating a reward or altering claims
ok 33 - reduced motion shows completed state without creating a reward or altering claims
  ---
  duration_ms: 0.5748
  type: 'test'
  ...
# Subtest: hinged loot follows claims/refill without bypassing companion seals or moving siblings
ok 34 - hinged loot follows claims/refill without bypassing companion seals or moving siblings
  ---
  duration_ms: 1.5552
  type: 'test'
  ...
# Subtest: lid observes authoritative transient availability even before a persistent claim
ok 35 - lid observes authoritative transient availability even before a persistent claim
  ---
  duration_ms: 0.6746
  type: 'test'
  ...
# Subtest: streamed lids register once, restore claims, and unregister without scene traversal
ok 36 - streamed lids register once, restore claims, and unregister without scene traversal
  ---
  duration_ms: 0.4725
  type: 'test'
  ...
# Subtest: marked streamed lid follows saved seal, gates opening, and leaves ordinary and legacy lids claim-driven
ok 37 - marked streamed lid follows saved seal, gates opening, and leaves ordinary and legacy lids claim-driven
  ---
  duration_ms: 1.8708
  type: 'test'
  ...
# Subtest: camera collision probe
    # Subtest: uses the vendored time_of_impact result while excluding sensors and kinematic companions
    ok 1 - uses the vendored time_of_impact result while excluding sensors and kinematic companions
      ---
      duration_ms: 66.5059
      type: 'test'
      ...
    # Subtest: ignores disabled section colliders and reports a start-overlap without passing through it
    ok 2 - ignores disabled section colliders and reports a start-overlap without passing through it
      ---
      duration_ms: 2.7313
      type: 'test'
      ...
    # Subtest: uses a conservative sphere for the low-pitch near plane on the widest supported landscape view
    ok 3 - uses a conservative sphere for the low-pitch near plane on the widest supported landscape view
      ---
      duration_ms: 0.2767
      type: 'test'
      ...
    # Subtest: recovers a smoothing focus that enters a solid toward the clear current player focus
    ok 4 - recovers a smoothing focus that enters a solid toward the clear current player focus
      ---
      duration_ms: 4.8786
      type: 'test'
      ...
    # Subtest: sees registered runtime construction but drops it on lifecycle unregistration
    ok 5 - sees registered runtime construction but drops it on lifecycle unregistration
      ---
      duration_ms: 0.9508
      type: 'test'
      ...
    # Subtest: resets a moving follow focus that crosses below a terrain trimesh to the clear player focus
    ok 6 - resets a moving follow focus that crosses below a terrain trimesh to the clear player focus
      ---
      duration_ms: 3.3288
      type: 'test'
      ...
    # Subtest: reports an unresolvable player focus below terrain instead of calling it clear
    ok 7 - reports an unresolvable player focus below terrain instead of calling it clear
      ---
      duration_ms: 0.747
      type: 'test'
      ...
    # Subtest: keeps a valid player focus under a low doorway lintel when terrain is clear
    ok 8 - keeps a valid player focus under a low doorway lintel when terrain is clear
      ---
      duration_ms: 0.7536
      type: 'test'
      ...
    1..8
ok 38 - camera collision probe
  ---
  duration_ms: 82.2067
  type: 'suite'
  ...
# Subtest: portrait initializes at the wider production pitch and requested distance
ok 39 - portrait initializes at the wider production pitch and requested distance
  ---
  duration_ms: 3.8441
  type: 'test'
  ...
# Subtest: orientation changes keep yaw and independent manual pitch preferences
ok 40 - orientation changes keep yaw and independent manual pitch preferences
  ---
  duration_ms: 1.0362
  type: 'test'
  ...
# Subtest: portrait profile retains collision distance and focus recovery
ok 41 - portrait profile retains collision distance and focus recovery
  ---
  duration_ms: 0.5949
  type: 'test'
  ...
# Subtest: young active growth pauses, commits bounded time and caps at maturity without wall-clock catchup
ok 42 - young active growth pauses, commits bounded time and caps at maturity without wall-clock catchup
  ---
  duration_ms: 1.9802
  type: 'test'
  ...
# Subtest: physical nursery routes pair, growing and welcome without remote or premature activation
ok 43 - physical nursery routes pair, growing and welcome without remote or premature activation
  ---
  duration_ms: 1.1412
  type: 'test'
  ...
# Subtest: canonical sex is deterministic, staged frontier parents are opposite, and lineage is strict and cloned
ok 44 - canonical sex is deterministic, staged frontier parents are opposite, and lineage is strict and cloned
  ---
  duration_ms: 2.2917
  type: 'test'
  ...
# Subtest: pairing resolves one exact offspring and retries begin, growth, and welcome without duplication
ok 45 - pairing resolves one exact offspring and retries begin, growth, and welcome without duplication
  ---
  duration_ms: 23.8089
  type: 'test'
  ...
# Subtest: breeding import validates the bed, parents, exact child lineage, and monotonic sequence
ok 46 - breeding import validates the bed, parents, exact child lineage, and monotonic sequence
  ---
  duration_ms: 9.9082
  type: 'test'
  ...
# Subtest: a growing child reserves the final owned slot from banking and field capture
ok 47 - a growing child reserves the final owned slot from banking and field capture
  ---
  duration_ms: 5.1204
  type: 'test'
  ...
# Subtest: completed field research permits one fixed settled-parent body-tone guidance without changing ordinary pairing
ok 48 - completed field research permits one fixed settled-parent body-tone guidance without changing ordinary pairing
  ---
  duration_ms: 8.0846
  type: 'test'
  ...
# Subtest: nursery action rechecks physical range and Camp state before touching the save owner
ok 49 - nursery action rechecks physical range and Camp state before touching the save owner
  ---
  duration_ms: 3.4098
  type: 'test'
  ...
# Subtest: full nourishment disables payment while preserving a physical release action
ok 50 - full nourishment disables payment while preserving a physical release action
  ---
  duration_ms: 0.4892
  type: 'test'
  ...
# Subtest: nearby research unlock opens a temporary natural-or-tone choice and commits only fresh matching parents
ok 51 - nearby research unlock opens a temporary natural-or-tone choice and commits only fresh matching parents
  ---
  duration_ms: 1.9696
  type: 'test'
  ...
# Subtest: pair choice cancels on leaving range, blocking, author suppression, pause, or reset
ok 52 - pair choice cancels on leaving range, blocking, author suppression, pause, or reset
  ---
  duration_ms: 0.9798
  type: 'test'
  ...
# Subtest: care assignment validates the physical bed and owned Mossling without changing active identity
ok 53 - care assignment validates the physical bed and owned Mossling without changing active identity
  ---
  duration_ms: 14.1932
  type: 'test'
  ...
# Subtest: feeding spends one raw pack berry atomically, retries safely, and caps nourishment
ok 54 - feeding spends one raw pack berry atomically, retries safely, and caps nourishment
  ---
  duration_ms: 3.8666
  type: 'test'
  ...
# Subtest: occupied beds require release, and care survives reload as a defensive copy
ok 55 - occupied beds require release, and care survives reload as a defensive copy
  ---
  duration_ms: 5.7247
  type: 'test'
  ...
# Subtest: load/import rejects care that references a missing bed, missing Mossling, or invalid nourishment
ok 56 - load/import rejects care that references a missing bed, missing Mossling, or invalid nourishment
  ---
  duration_ms: 4.4437
  type: 'test'
  ...
# Subtest: Camp final save failure preserves the last chunk/drop; retry commits before impact and masks after yield exactly once
ok 57 - Camp final save failure preserves the last chunk/drop; retry commits before impact and masks after yield exactly once
  ---
  duration_ms: 120.5134
  type: 'test'
  ...
# Subtest: saved clear masks rebuilt resources, Author suppresses clearing, and Play restores the mask without losing collected yield
ok 58 - saved clear masks rebuilt resources, Author suppresses clearing, and Play restores the mask without losing collected yield
  ---
  duration_ms: 42.5312
  type: 'test'
  ...
# Subtest: Camp clearing guards apply only to Camp debris and cannot advance it outside Camp
ok 59 - Camp clearing guards apply only to Camp debris and cannot advance it outside Camp
  ---
  duration_ms: 10.3534
  type: 'test'
  ...
# Subtest: defense tiles cover each saved perimeter, with exterior braces and both permanent openings intact
ok 60 - defense tiles cover each saved perimeter, with exterior braces and both permanent openings intact
  ---
  duration_ms: 4.2854
  type: 'test'
  ...
# Subtest: all sampled panel and outboard shoe bottoms stay seated on terrain
ok 61 - all sampled panel and outboard shoe bottoms stay seated on terrain
  ---
  duration_ms: 3.2955
  type: 'test'
  ...
# Subtest: real Rapier compound braces, divider removal and suppression refresh queries once and preserve cached model resources
ok 62 - real Rapier compound braces, divider removal and suppression refresh queries once and preserve cached model resources
  ---
  duration_ms: 188.6049
  type: 'test'
  ...
# Subtest: a suppressed Author draft needs no defense assets
ok 63 - a suppressed Author draft needs no defense assets
  ---
  duration_ms: 1.3408
  type: 'test'
  ...
# Subtest: garden clock persists only active play in bounded quanta and stops when ripe
ok 64 - garden clock persists only active play in bounded quanta and stops when ripe
  ---
  duration_ms: 2.4415
  type: 'test'
  ...
# Subtest: garden actions revalidate range, describe authoritative yield, and never mutate while away
ok 65 - garden actions revalidate range, describe authoritative yield, and never mutate while away
  ---
  duration_ms: 2.7532
  type: 'test'
  ...
# Subtest: planting spends one pack berry and bounded active-play growth rolls back failed checkpoints
ok 66 - planting spends one pack berry and bounded active-play growth rolls back failed checkpoints
  ---
  duration_ms: 13.8212
  type: 'test'
  ...
# Subtest: crop reload is immutable and load/import reject invalid or missing plot records
ok 67 - crop reload is immutable and load/import reject invalid or missing plot records
  ---
  duration_ms: 7.5319
  type: 'test'
  ...
# Subtest: ripe harvest is all-or-nothing across storage failure and pack capacity
ok 68 - ripe harvest is all-or-nothing across storage failure and pack capacity
  ---
  duration_ms: 4.4976
  type: 'test'
  ...
# Subtest: Bloom-tended yield derives from full care, owned Mossling, and the six-metre bed distance
ok 69 - Bloom-tended yield derives from full care, owned Mossling, and the six-metre bed distance
  ---
  duration_ms: 6.2552
  type: 'test'
  ...
# Subtest: fresh footprint is a small apron/entry union, with locked yard and truthful concave shoulders
ok 70 - fresh footprint is a small apron/entry union, with locked yard and truthful concave shoulders
  ---
  duration_ms: 5.024
  type: 'test'
  ...
# Subtest: yard console keeps a clear approach and relocates around accepted legacy buildings
ok 71 - yard console keeps a clear approach and relocates around accepted legacy buildings
  ---
  duration_ms: 1.5649
  type: 'test'
  ...
# Subtest: clearing saves finite progress, expansion spends one fixed cost, and each failure is atomic
ok 72 - clearing saves finite progress, expansion spends one fixed cost, and each failure is atomic
  ---
  duration_ms: 12.5739
  type: 'test'
  ...
# Subtest: cleared IDs, expansion, pack and structures clone, export, import and failed import together
ok 73 - cleared IDs, expansion, pack and structures clone, export, import and failed import together
  ---
  duration_ms: 4.2542
  type: 'test'
  ...
# Subtest: legacy tier 0 preserves edge foundations, support IDs and full crates before new reservations
ok 74 - legacy tier 0 preserves edge foundations, support IDs and full crates before new reservations
  ---
  duration_ms: 3.8585
  type: 'test'
  ...
# Subtest: legacy tier 1 preserves edge foundations, support IDs and full crates before new reservations
ok 75 - legacy tier 1 preserves edge foundations, support IDs and full crates before new reservations
  ---
  duration_ms: 2.598
  type: 'test'
  ...
# Subtest: legacy tier 2 preserves edge foundations, support IDs and full crates before new reservations
ok 76 - legacy tier 2 preserves edge foundations, support IDs and full crates before new reservations
  ---
  duration_ms: 1.9088
  type: 'test'
  ...
# Subtest: v1/v2 paid empty bases migrate once; unpaid empty base keeps the fresh footprint
ok 77 - v1/v2 paid empty bases migrate once; unpaid empty base keeps the fresh footprint
  ---
  duration_ms: 2.6089
  type: 'test'
  ...
# Subtest: all old tier-2 edge foundations fit inside the widened perimeter without touching new walls
ok 78 - all old tier-2 edge foundations fit inside the widened perimeter without touching new walls
  ---
  duration_ms: 1.5903
  type: 'test'
  ...
# Subtest: yard defense cost uses only pack plus an explicitly chosen reachable container
ok 79 - yard defense cost uses only pack plus an explicitly chosen reachable container
  ---
  duration_ms: 2.3557
  type: 'test'
  ...
# Subtest: the production Camp fits a starter floor, supported Salvage bench and usable physical crate without expanding
ok 80 - the production Camp fits a starter floor, supported Salvage bench and usable physical crate without expanding
  ---
  duration_ms: 292.5596
  type: 'test'
  ...
# Subtest: production debris centers become buildable after clearing and preserve all three full physical crates on reload/import
ok 81 - production debris centers become buildable after clearing and preserve all three full physical crates on reload/import
  ---
  duration_ms: 282.3676
  type: 'test'
  ...
# Subtest: invalid layout versions, fields, flags and debris IDs reject import without erasing inventory
ok 82 - invalid layout versions, fields, flags and debris IDs reject import without erasing inventory
  ---
  duration_ms: 3.3914
  type: 'test'
  ...
# Subtest: new footprint with an orphaned full crate is rejected instead of normalizing away its contents
ok 83 - new footprint with an orphaned full crate is rejected instead of normalizing away its contents
  ---
  duration_ms: 0.909
  type: 'test'
  ...
# Subtest: Camp mask blocks all harvesting and lifecycle paths across resource families
ok 84 - Camp mask blocks all harvesting and lifecycle paths across resource families
  ---
  duration_ms: 148.0134
  type: 'test'
  ...
# Subtest: mask changes batch broadphase refresh and safe repeated restoration never duplicates colliders
ok 85 - mask changes batch broadphase refresh and safe repeated restoration never duplicates colliders
  ---
  duration_ms: 12.8392
  type: 'test'
  ...
# Subtest: clearing a mask while region inactive restores on activation and honors authored visibility/collision
ok 86 - clearing a mask while region inactive restores on activation and honors authored visibility/collision
  ---
  duration_ms: 24.1327
  type: 'test'
  ...
# Subtest: completed Camp debris stays removed after collection/reset/time while final-hit drops remain collectible
ok 87 - completed Camp debris stays removed after collection/reset/time while final-hit drops remain collectible
  ---
  duration_ms: 13.3781
  type: 'test'
  ...
# Subtest: all canopy variants have solid scaled trunks, clear canopy shoulders, and retain explicit scenery flags
ok 88 - all canopy variants have solid scaled trunks, clear canopy shoulders, and retain explicit scenery flags
  ---
  duration_ms: 232.047
  type: 'test'
  ...
# Subtest: canopy trunk colliders remain gameplay-solid while every canopy family stays fade-only for camera collision
ok 89 - canopy trunk colliders remain gameplay-solid while every canopy family stays fade-only for camera collision
  ---
  duration_ms: 2.3731
  type: 'test'
  ...
# Subtest: Cinderjaw R2 consumes four V2-preserving 32-vertex limbs and twelve literal beveled shingles
ok 90 - Cinderjaw R2 consumes four V2-preserving 32-vertex limbs and twelve literal beveled shingles
  ---
  duration_ms: 24.6919
  type: 'test'
  ...
# Subtest: Cinderjaw R2 preserves V2 cap/claw contacts and measures every shingle against the actual torso
ok 91 - Cinderjaw R2 preserves V2 cap/claw contacts and measures every shingle against the actual torso
  ---
  duration_ms: 22.881
  type: 'test'
  ...
# Subtest: Cinderjaw R2 preserves the other six code-native component orders for the browser snapshot parity gate
ok 92 - Cinderjaw R2 preserves the other six code-native component orders for the browser snapshot parity gate
  ---
  duration_ms: 50.614
  type: 'test'
  ...
# Subtest: real terrace south face produces one stable physical ledge candidate while its ramp does not
ok 93 - real terrace south face produces one stable physical ledge candidate while its ramp does not
  ---
  duration_ms: 165.3764
  type: 'test'
  ...
# Subtest: candidate survives the lip grace, then invalidates when its streamed surface retires
ok 94 - candidate survives the lip grace, then invalidates when its streamed surface retires
  ---
  duration_ms: 51.3765
  type: 'test'
  ...
# Subtest: a nearer solid cannot be probed through to a climbable face behind it
ok 95 - a nearer solid cannot be probed through to a climbable face behind it
  ---
  duration_ms: 31.7184
  type: 'test'
  ...
# Subtest: only terrain and explicitly classified rock obstacles enter traversal queries
ok 96 - only terrain and explicitly classified rock obstacles enter traversal queries
  ---
  duration_ms: 2.3483
  type: 'test'
  ...
# Subtest: streamed F2C scenery remains physically solid without entering natural traversal
ok 97 - streamed F2C scenery remains physically solid without entering natural traversal
  ---
  duration_ms: 3.039
  type: 'test'
  ...
# Subtest: character spatial queries exclude self, sensors and injected ignored actors but reject solid overlap
ok 98 - character spatial queries exclude self, sensors and injected ignored actors but reject solid overlap
  ---
  duration_ms: 1.2771
  type: 'test'
  ...
# Subtest: clampToBounds
    # Subtest: inside stays
    ok 1 - inside stays
      ---
      duration_ms: 1.0358
      type: 'test'
      ...
    # Subtest: outside clamped
    ok 2 - outside clamped
      ---
      duration_ms: 0.2145
      type: 'test'
      ...
    1..2
ok 99 - clampToBounds
  ---
  duration_ms: 2.8414
  type: 'suite'
  ...
# Subtest: circleVsAABB
    # Subtest: colliding
    ok 1 - colliding
      ---
      duration_ms: 0.4634
      type: 'test'
      ...
    # Subtest: not colliding
    ok 2 - not colliding
      ---
      duration_ms: 0.2391
      type: 'test'
      ...
    1..2
ok 100 - circleVsAABB
  ---
  duration_ms: 0.9552
  type: 'suite'
  ...
# Subtest: isColliding
    # Subtest: detects obstacle
    ok 1 - detects obstacle
      ---
      duration_ms: 0.4378
      type: 'test'
      ...
    1..1
ok 101 - isColliding
  ---
  duration_ms: 0.6027
  type: 'suite'
  ...
# Subtest: resolveMovement
    # Subtest: free movement passes
    ok 1 - free movement passes
      ---
      duration_ms: 0.5161
      type: 'test'
      ...
    # Subtest: blocked by obstacle stays or slides
    ok 2 - blocked by obstacle stays or slides
      ---
      duration_ms: 0.3708
      type: 'test'
      ...
    # Subtest: diagonal slide
    ok 3 - diagonal slide
      ---
      duration_ms: 0.3439
      type: 'test'
      ...
    # Subtest: bounds clamp
    ok 4 - bounds clamp
      ---
      duration_ms: 0.367
      type: 'test'
      ...
    1..4
ok 102 - resolveMovement
  ---
  duration_ms: 2.4223
  type: 'suite'
  ...
# Subtest: Phase 3 — combat config
    # Subtest: attack timing within spec
    ok 1 - attack timing within spec
      ---
      duration_ms: 1.1265
      type: 'test'
      ...
    # Subtest: health and i-frames within spec
    ok 2 - health and i-frames within spec
      ---
      duration_ms: 0.2289
      type: 'test'
      ...
    # Subtest: rusher tuning within spec
    ok 3 - rusher tuning within spec
      ---
      duration_ms: 0.2132
      type: 'test'
      ...
    # Subtest: spitter tuning within spec
    ok 4 - spitter tuning within spec
      ---
      duration_ms: 0.2976
      type: 'test'
      ...
    1..4
ok 103 - Phase 3 — combat config
  ---
  duration_ms: 3.3744
  type: 'suite'
  ...
# Subtest: Phase 3 — targeting (frontal/vertical)
    # Subtest: front/in-range enemy eligible
    ok 1 - front/in-range enemy eligible
      ---
      duration_ms: 0.4079
      type: 'test'
      ...
    # Subtest: enemy behind not eligible
    ok 2 - enemy behind not eligible
      ---
      duration_ms: 0.1657
      type: 'test'
      ...
    # Subtest: vertical separation invalid (far below platform)
    ok 3 - vertical separation invalid (far below platform)
      ---
      duration_ms: 0.3311
      type: 'test'
      ...
    # Subtest: enemy at side outside arc not hit (~90deg)
    ok 4 - enemy at side outside arc not hit (~90deg)
      ---
      duration_ms: 0.4182
      type: 'test'
      ...
    # Subtest: enemy at 45deg front is hit (within 80 half)
    ok 5 - enemy at 45deg front is hit (within 80 half)
      ---
      duration_ms: 0.4537
      type: 'test'
      ...
    # Subtest: outside range not hit
    ok 6 - outside range not hit
      ---
      duration_ms: 0.3952
      type: 'test'
      ...
    # Subtest: getAttackTargets caps at 3 and sorts nearest
    ok 7 - getAttackTargets caps at 3 and sorts nearest
      ---
      duration_ms: 0.4766
      type: 'test'
      ...
    # Subtest: dead enemy excluded
    ok 8 - dead enemy excluded
      ---
      duration_ms: 0.1915
      type: 'test'
      ...
    1..8
ok 104 - Phase 3 — targeting (frontal/vertical)
  ---
  duration_ms: 3.5199
  type: 'suite'
  ...
# Subtest: Phase 3 — input tap vs swipe
    # Subtest: qualifying swipe is dodge, not attack
    ok 1 - qualifying swipe is dodge, not attack
      ---
      duration_ms: 0.2719
      type: 'test'
      ...
    # Subtest: mergeIntents attackRequested OR
    ok 2 - mergeIntents attackRequested OR
      ---
      duration_ms: 0.3539
      type: 'test'
      ...
    # Subtest: touch move wins but attack still ORs
    ok 3 - touch move wins but attack still ORs
      ---
      duration_ms: 0.1633
      type: 'test'
      ...
    # Subtest: dodge OR also
    ok 4 - dodge OR also
      ---
      duration_ms: 0.1375
      type: 'test'
      ...
    1..4
ok 105 - Phase 3 — input tap vs swipe
  ---
  duration_ms: 1.1513
  type: 'suite'
  ...
# Subtest: Phase 3 — player health + invuln
    # Subtest: damage once, reduces health
    ok 1 - damage once, reduces health
      ---
      duration_ms: 3.2836
      type: 'test'
      ...
    # Subtest: post-hit i-frame blocks second hit
    ok 2 - post-hit i-frame blocks second hit
      ---
      duration_ms: 0.6784
      type: 'test'
      ...
    # Subtest: damage resumes after i-frame expires
    ok 3 - damage resumes after i-frame expires
      ---
      duration_ms: 0.9447
      type: 'test'
      ...
    # Subtest: zero health enters death once
    ok 4 - zero health enters death once
      ---
      duration_ms: 0.806
      type: 'test'
      ...
    1..4
ok 106 - Phase 3 — player health + invuln
  ---
  duration_ms: 5.9651
  type: 'suite'
  ...
# Subtest: Phase 3 — dodge invulnerability
    # Subtest: dodging gives i-frame
    ok 1 - dodging gives i-frame
      ---
      duration_ms: 0.4459
      type: 'test'
      ...
    # Subtest: outside dodge window damages normally
    ok 2 - outside dodge window damages normally
      ---
      duration_ms: 0.5386
      type: 'test'
      ...
    1..2
ok 107 - Phase 3 — dodge invulnerability
  ---
  duration_ms: 1.129
  type: 'suite'
  ...
# Subtest: Phase 3 — combat session / harvest suppression
    # Subtest: combat engaged when aggro nearby
    ok 1 - combat engaged when aggro nearby
      ---
      duration_ms: 0.3936
      type: 'test'
      ...
    # Subtest: disengages after delay
    ok 2 - disengages after delay
      ---
      duration_ms: 0.1451
      type: 'test'
      ...
    # Subtest: recent attack keeps engaged
    ok 3 - recent attack keeps engaged
      ---
      duration_ms: 0.1488
      type: 'test'
      ...
    # Subtest: recent damage keeps engaged
    ok 4 - recent damage keeps engaged
      ---
      duration_ms: 0.1213
      type: 'test'
      ...
    # Subtest: harvest suppression does not change Auto preference
    ok 5 - harvest suppression does not change Auto preference
      ---
      duration_ms: 0.1474
      type: 'test'
      ...
    1..5
ok 108 - Phase 3 — combat session / harvest suppression
  ---
  duration_ms: 1.2091
  type: 'suite'
  ...
# Subtest: Phase 3 — projectile pooling & once-only
    # Subtest: pool bounded, lifetime expiry
    ok 1 - pool bounded, lifetime expiry
      ---
      duration_ms: 34.0058
      type: 'test'
      ...
    1..1
ok 109 - Phase 3 — projectile pooling & once-only
  ---
  duration_ms: 34.3271
  type: 'suite'
  ...
# Subtest: Phase 3 — XP motes once-only
    # Subtest: spawn and collect once
    ok 1 - spawn and collect once
      ---
      duration_ms: 16.36
      type: 'test'
      ...
    # Subtest: mote pool bounded and no unbounded growth
    ok 2 - mote pool bounded and no unbounded growth
      ---
      duration_ms: 3.645
      type: 'test'
      ...
    1..2
ok 110 - Phase 3 — XP motes once-only
  ---
  duration_ms: 20.2282
  type: 'suite'
  ...
# Subtest: Phase 3 — Rusher state flow
    # Subtest: ROAM -> ALERT -> CHASE -> WINDUP -> LUNGE -> RECOVER
    ok 1 - ROAM -> ALERT -> CHASE -> WINDUP -> LUNGE -> RECOVER
      ---
      duration_ms: 126.2867
      type: 'test'
      ...
    # Subtest: lunge direction committed near end of windup
    ok 2 - lunge direction committed near end of windup
      ---
      duration_ms: 28.018
      type: 'test'
      ...
    # Subtest: lunge damage once
    ok 3 - lunge damage once
      ---
      duration_ms: 22.6644
      type: 'test'
      ...
    1..3
ok 111 - Phase 3 — Rusher state flow
  ---
  duration_ms: 177.3008
  type: 'suite'
  ...
# Subtest: Phase 3 — Spitter projectile flow
    # Subtest: spitter fires one projectile per windup
    ok 1 - spitter fires one projectile per windup
      ---
      duration_ms: 20.2183
      type: 'test'
      ...
    # Subtest: projectile damages once and expires
    ok 2 - projectile damages once and expires
      ---
      duration_ms: 2.2906
      type: 'test'
      ...
    1..2
ok 112 - Phase 3 — Spitter projectile flow
  ---
  duration_ms: 22.6998
  type: 'suite'
  ...
# Subtest: Phase 3 — restart resets temporary state
    # Subtest: playerCombat reset restores health, invuln, attack
    ok 1 - playerCombat reset restores health, invuln, attack
      ---
      duration_ms: 0.5384
      type: 'test'
      ...
    # Subtest: xp mote system reset clears XP and motes
    ok 2 - xp mote system reset clears XP and motes
      ---
      duration_ms: 2.2707
      type: 'test'
      ...
    # Subtest: creature respawn resets health and AI
    ok 3 - creature respawn resets health and AI
      ---
      duration_ms: 20.5464
      type: 'test'
      ...
    # Subtest: pickup refresh preserves authoritative pack and auto harvest preference separately
    ok 4 - pickup refresh preserves authoritative pack and auto harvest preference separately
      ---
      duration_ms: 32.7328
      type: 'test'
      ...
    1..4
ok 113 - Phase 3 — restart resets temporary state
  ---
  duration_ms: 56.4635
  type: 'suite'
  ...
# Subtest: Tidefin dome follows authoritative ward remaining and clears while presentation is hidden
ok 114 - Tidefin dome follows authoritative ward remaining and clears while presentation is hidden
  ---
  duration_ms: 12.4723
  type: 'test'
  ...
# Subtest: ward synchronization does not clear other ability FX and standalone preview retains bounded age
ok 115 - ward synchronization does not clear other ability FX and standalone preview retains bounded age
  ---
  duration_ms: 3.3174
  type: 'test'
  ...
# Subtest: player KCC filters followers while retaining world collider queries
ok 116 - player KCC filters followers while retaining world collider queries
  ---
  duration_ms: 2.8637
  type: 'test'
  ...
# Subtest: wild KCC and disposal share the companion filter contract
ok 117 - wild KCC and disposal share the companion filter contract
  ---
  duration_ms: 28.2776
  type: 'test'
  ...
# Subtest: actual Rapier player travel passes a follower but stops at a static wall
ok 118 - actual Rapier player travel passes a follower but stops at a static wall
  ---
  duration_ms: 149.9882
  type: 'test'
  ...
# Subtest: player, wildkin and follower cross trigger volumes while solid walls still stop them
ok 119 - player, wildkin and follower cross trigger volumes while solid walls still stop them
  ---
  duration_ms: 38.7756
  type: 'test'
  ...
# Subtest: companion follow uses relaxed hysteresis before catch-up
ok 120 - companion follow uses relaxed hysteresis before catch-up
  ---
  duration_ms: 1.877
  type: 'test'
  ...
# Subtest: companion formation remains behind the player's current facing
ok 121 - companion formation remains behind the player's current facing
  ---
  duration_ms: 0.4067
  type: 'test'
  ...
# Subtest: a settled companion ignores a small player turn until real separation opens follow
ok 122 - a settled companion ignores a small player turn until real separation opens follow
  ---
  duration_ms: 0.6423
  type: 'test'
  ...
# Subtest: idle attention waits, then returns to a real settle before another forage
ok 123 - idle attention waits, then returns to a real settle before another forage
  ---
  duration_ms: 0.4913
  type: 'test'
  ...
# Subtest: companion only teleports when truly separated, preserving ordinary obstacle recovery
ok 124 - companion only teleports when truly separated, preserving ordinary obstacle recovery
  ---
  duration_ms: 0.2761
  type: 'test'
  ...
# Subtest: bond eligibility permits same-species individuals and rejects an already captured source
ok 125 - bond eligibility permits same-species individuals and rejects an already captured source
  ---
  duration_ms: 2.066
  type: 'test'
  ...
# Subtest: field gear samples generated terrain before the authored fallback
ok 126 - field gear samples generated terrain before the authored fallback
  ---
  duration_ms: 1.7464
  type: 'test'
  ...
# Subtest: observation marker follows one subject and advances without rebuilding UI
ok 127 - observation marker follows one subject and advances without rebuilding UI
  ---
  duration_ms: 5.095
  type: 'test'
  ...
# Subtest: pending restore retains two exact Mosslings and exposes defensive record clones
ok 128 - pending restore retains two exact Mosslings and exposes defensive record clones
  ---
  duration_ms: 4.4766
  type: 'test'
  ...
# Subtest: capture retries the exact individual record without charging again, then allows a second Mossling
ok 129 - capture retries the exact individual record without charging again, then allows a second Mossling
  ---
  duration_ms: 28.1735
  type: 'test'
  ...
# Subtest: followers key by individual ID, resolve species assets and spawn on injected terrain
ok 130 - followers key by individual ID, resolve species assets and spawn on injected terrain
  ---
  duration_ms: 91.0959
  type: 'test'
  ...
# Subtest: one owned individual docks at its Camp bed, undocks into formation, and never duplicates
ok 131 - one owned individual docks at its Camp bed, undocks into formation, and never duplicates
  ---
  duration_ms: 22.1024
  type: 'test'
  ...
# Subtest: one Camp young is visual-only, stages at its bed, and promotes to its ordinary follower without duplication
ok 132 - one Camp young is visual-only, stages at its bed, and promotes to its ordinary follower without duplication
  ---
  duration_ms: 15.1785
  type: 'test'
  ...
# Subtest: world taming queries never discover wildlife, hold a valid target, and still prioritize actionable animals
ok 133 - world taming queries never discover wildlife, hold a valid target, and still prioritize actionable animals
  ---
  duration_ms: 8.369
  type: 'test'
  ...
# Subtest: generated seals require the matching selected companion and keep no-companion access retryable
ok 134 - generated seals require the matching selected companion and keep no-companion access retryable
  ---
  duration_ms: 12.9129
  type: 'test'
  ...
# Subtest: Bloom seals the nearest matching resident, breaks exact ties by stable id, and can open a second site later
ok 135 - Bloom seals the nearest matching resident, breaks exact ties by stable id, and can open a second site later
  ---
  duration_ms: 3.0906
  type: 'test'
  ...
# Subtest: healthy Bloom commits the grove seal before effects and a failed commit spends nothing
ok 136 - healthy Bloom commits the grove seal before effects and a failed commit spends nothing
  ---
  duration_ms: 6.129
  type: 'test'
  ...
# Subtest: fixed species secrets remain a fallback when section enumeration omits the legacy chest
ok 137 - fixed species secrets remain a fallback when section enumeration omits the legacy chest
  ---
  duration_ms: 8.0365
  type: 'test'
  ...
# Subtest: a follower waits on supported shore while its player is waterborne, then rejoins on land
ok 138 - a follower waits on supported shore while its player is waterborne, then rejoins on land
  ---
  duration_ms: 116.0493
  type: 'test'
  ...
# Subtest: a wet initial formation falls back to the player dry footprint instead of spawning in water
ok 139 - a wet initial formation falls back to the player dry footprint instead of spawning in water
  ---
  duration_ms: 3.9867
  type: 'test'
  ...
# Subtest: a grounded wading player still leaves its follower waiting on dry shore
ok 140 - a grounded wading player still leaves its follower waiting on dry shore
  ---
  duration_ms: 20.9748
  type: 'test'
  ...
# Subtest: swimming cancels field taming and rejects new taming or abilities before spending and effects
ok 141 - swimming cancels field taming and rejects new taming or abilities before spending and effects
  ---
  duration_ms: 13.4559
  type: 'test'
  ...
# Subtest: portrait construction frames a nearby bed and restores cancel exactly without moving the player
ok 142 - portrait construction frames a nearby bed and restores cancel exactly without moving the player
  ---
  duration_ms: 5.6835
  type: 'test'
  ...
# Subtest: successful placement retains useful facing while restoring pitch and zoom
ok 143 - successful placement retains useful facing while restoring pitch and zoom
  ---
  duration_ms: 2.6501
  type: 'test'
  ...
# Subtest: orientation close restores portrait pitch before switching to the untouched landscape profile
ok 144 - orientation close restores portrait pitch before switching to the untouched landscape profile
  ---
  duration_ms: 0.6855
  type: 'test'
  ...
# Subtest: landscape construction and invalid targets do not alter the camera
ok 145 - landscape construction and invalid targets do not alter the camera
  ---
  duration_ms: 0.5856
  type: 'test'
  ...
# Subtest: a nursery press cannot become a different target, stage or delayed attack-equivalent action
ok 146 - a nursery press cannot become a different target, stage or delayed attack-equivalent action
  ---
  duration_ms: 1.4887
  type: 'test'
  ...
# Subtest: disabled/hidden targets reject a completed press; keyboard activation still requires visibility
ok 147 - disabled/hidden targets reject a completed press; keyboard activation still requires visibility
  ---
  duration_ms: 0.2542
  type: 'test'
  ...
# Subtest: a secondary release remains independent from disabled primary and cancels with its own stage
ok 148 - a secondary release remains independent from disabled primary and cancels with its own stage
  ---
  duration_ms: 0.3049
  type: 'test'
  ...
# Subtest: only closed outward convex fixed-prop hulls enter the asset registry
ok 149 - only closed outward convex fixed-prop hulls enter the asset registry
  ---
  duration_ms: 30.6317
  type: 'test'
  ...
# Subtest: hull scale/yaw/offset survive Author export, hidden proxy and runtime without a second box
ok 150 - hull scale/yaw/offset survive Author export, hidden proxy and runtime without a second box
  ---
  duration_ms: 402.845
  type: 'test'
  ...
# Subtest: real Rapier hull leaves clipped corner clear, supports its sloped top and follows region activation
ok 151 - real Rapier hull leaves clipped corner clear, supports its sloped top and follows region activation
  ---
  duration_ms: 135.9847
  type: 'test'
  ...
# Subtest: Camp clearance uses conservative derived hull bounds and the rotated offset
ok 152 - Camp clearance uses conservative derived hull bounds and the rotated offset
  ---
  duration_ms: 1.0857
  type: 'test'
  ...
# Subtest: two earned notes persist through reload and transfer, without consuming supplies or changing inventory
ok 153 - two earned notes persist through reload and transfer, without consuming supplies or changing inventory
  ---
  duration_ms: 50.5287
  type: 'test'
  ...
# Subtest: all species use their explicit two-stage durations
ok 154 - all species use their explicit two-stage durations
  ---
  duration_ms: 57.8958
  type: 'test'
  ...
# Subtest: blocked vision, outside camera, wrong section, height and dead or captured creatures earn no encounters
ok 155 - blocked vision, outside camera, wrong section, height and dead or captured creatures earn no encounters
  ---
  duration_ms: 57.9625
  type: 'test'
  ...
# Subtest: authoritative detection, rushing and airborne footing pause knowledge but permit a visible encounter
ok 156 - authoritative detection, rushing and airborne footing pause knowledge but permit a visible encounter
  ---
  duration_ms: 43.2527
  type: 'test'
  ...
# Subtest: pause and taming freeze timing and cannot acquire new targets or encounter records
ok 157 - pause and taming freeze timing and cannot acquire new targets or encounter records
  ---
  duration_ms: 4.9268
  type: 'test'
  ...
# Subtest: sticky creature retains brief view loss, then discards unfinished timing on target or species change
ok 158 - sticky creature retains brief view loss, then discards unfinished timing on target or species change
  ---
  duration_ms: 4.2776
  type: 'test'
  ...
# Subtest: section, run, Author and expedition loss reset unfinished observation, preserving earned notes
ok 159 - section, run, Author and expedition loss reset unfinished observation, preserving earned notes
  ---
  duration_ms: 9.3423
  type: 'test'
  ...
# Subtest: failed clue writes roll back and retry at bounded intervals with no false completion
ok 160 - failed clue writes roll back and retry at bounded intervals with no false completion
  ---
  duration_ms: 5.1964
  type: 'test'
  ...
# Subtest: earned clue and discovery are one rollback-safe, idempotent transaction
ok 161 - earned clue and discovery are one rollback-safe, idempotent transaction
  ---
  duration_ms: 2.1459
  type: 'test'
  ...
# Subtest: optional old-save schema, secured guides and strict bounded observation import preserve ownership
ok 162 - optional old-save schema, secured guides and strict bounded observation import preserve ownership
  ---
  duration_ms: 4.1105
  type: 'test'
  ...
# Subtest: invalid persisted clue schema is preserved raw, and a failed backup write keeps old clues
ok 163 - invalid persisted clue schema is preserved raw, and a failed backup write keeps old clues
  ---
  duration_ms: 1.8585
  type: 'test'
  ...
# Subtest: completed nearby species yields to unfinished acquisition and to a newly visible unfinished species
ok 164 - completed nearby species yields to unfinished acquisition and to a newly visible unfinished species
  ---
  duration_ms: 15.0417
  type: 'test'
  ...
# Subtest: newly completed study yields on its next step while unfinished timing stays sticky
ok 165 - newly completed study yields on its next step while unfinished timing stays sticky
  ---
  duration_ms: 9.7169
  type: 'test'
  ...
# Subtest: owned Mosslings still need two earned field notes, while completed notes yield to unfinished wildlife
ok 166 - owned Mosslings still need two earned field notes, while completed notes yield to unfinished wildlife
  ---
  duration_ms: 10.6854
  type: 'test'
  ...
# Subtest: wildlife reaches a field target around a solid root from each cardinal direction
ok 167 - wildlife reaches a field target around a solid root from each cardinal direction
  ---
  duration_ms: 429.7414
  type: 'test'
  ...
# Subtest: a scaled Mossling can leave the creek-root edge where the earned tame stalled
ok 168 - a scaled Mossling can leave the creek-root edge where the earned tame stalled
  ---
  duration_ms: 42.6549
  type: 'test'
  ...
# Subtest: a region sensor never makes a clear field approach act like a wall
ok 169 - a region sensor never makes a clear field approach act like a wall
  ---
  duration_ms: 37.3757
  type: 'test'
  ...
# Subtest: elevation — platform side blocking
    # Subtest: walking into elevated platform side cannot place player on top (getGroundHeight)
    ok 1 - walking into elevated platform side cannot place player on top (getGroundHeight)
      ---
      duration_ms: 14.0621
      type: 'test'
      ...
    # Subtest: high platform side also blocks from ground
    ok 2 - high platform side also blocks from ground
      ---
      duration_ms: 2.6834
      type: 'test'
      ...
    # Subtest: side colliders are solid when below, not solid when on top
    ok 3 - side colliders are solid when below, not solid when on top
      ---
      duration_ms: 4.3242
      type: 'test'
      ...
    # Subtest: sliding along side still works
    ok 4 - sliding along side still works
      ---
      duration_ms: 2.4025
      type: 'test'
      ...
    # Subtest: valid traversal landing can place player on elevated surface
    ok 5 - valid traversal landing can place player on elevated surface
      ---
      duration_ms: 1.8086
      type: 'test'
      ...
    # Subtest: reported left gap invisible obstruction is not solid on ground
    ok 6 - reported left gap invisible obstruction is not solid on ground
      ---
      duration_ms: 1.5375
      type: 'test'
      ...
    1..6
ok 170 - elevation — platform side blocking
  ---
  duration_ms: 29.2819
  type: 'suite'
  ...
# Subtest: selected Emberhorn strikes minerals once alongside combat and spends one ordinary cooldown
ok 171 - selected Emberhorn strikes minerals once alongside combat and spends one ordinary cooldown
  ---
  duration_ms: 11.4741
  type: 'test'
  ...
# Subtest: inactive, other-companion and cooldown gates never call the Emberhorn mineral utility
ok 172 - inactive, other-companion and cooldown gates never call the Emberhorn mineral utility
  ---
  duration_ms: 6.484
  type: 'test'
  ...
# Subtest: failed seal persistence aborts mining, combat and cooldown before any ability effect
ok 173 - failed seal persistence aborts mining, combat and cooldown before any ability effect
  ---
  duration_ms: 6.4779
  type: 'test'
  ...
# Subtest: partial mineral interruption retains prior hits and still consumes the ordinary ability cooldown
ok 174 - partial mineral interruption retains prior hits and still consumes the ordinary ability cooldown
  ---
  duration_ms: 1.8664
  type: 'test'
  ...
# Subtest: a saved seal keeps its existing message priority over mineral feedback
ok 175 - a saved seal keeps its existing message priority over mineral feedback
  ---
  duration_ms: 2.9411
  type: 'test'
  ...
# Subtest: Emberhorn final R3 mane candidate uses four closed volumetric legs and fifteen closed mane wedges
ok 176 - Emberhorn final R3 mane candidate uses four closed volumetric legs and fifteen closed mane wedges
  ---
  duration_ms: 24.4964
  type: 'test'
  ...
# Subtest: quick slots normalize corrupt IDs, duplicates and selection without introducing owned stacks
ok 177 - quick slots normalize corrupt IDs, duplicates and selection without introducing owned stacks
  ---
  duration_ms: 2.4406
  type: 'test'
  ...
# Subtest: a full pack can configure shortcuts and sorting never moves the shortcut to a different item
ok 178 - a full pack can configure shortcuts and sorting never moves the shortcut to a different item
  ---
  duration_ms: 23.1714
  type: 'test'
  ...
# Subtest: loadout assignment, use counts, reload, export/import, clear and storage rollback share the persistent owner
ok 179 - loadout assignment, use counts, reload, export/import, clear and storage rollback share the persistent owner
  ---
  duration_ms: 7.895
  type: 'test'
  ...
# Subtest: selection consumes nothing; each non-tool press uses once, holding cannot consume again
ok 180 - selection consumes nothing; each non-tool press uses once, holding cannot consume again
  ---
  duration_ms: 2.0803
  type: 'test'
  ...
# Subtest: switching while held, opening a modal and empty-item use cannot cause hidden attacks or spend
ok 181 - switching while held, opening a modal and empty-item use cannot cause hidden attacks or spend
  ---
  duration_ms: 0.6047
  type: 'test'
  ...
# Subtest: supplies/build invoke existing actions; failed persistent selection keeps the original held tool
ok 182 - supplies/build invoke existing actions; failed persistent selection keeps the original held tool
  ---
  duration_ms: 0.3675
  type: 'test'
  ...
# Subtest: taming equipment resumes the exact live attempt after its supply was consumed, and rejects another species
ok 183 - taming equipment resumes the exact live attempt after its supply was consumed, and rejects another species
  ---
  duration_ms: 1.7793
  type: 'test'
  ...
# Subtest: background checkpoint preserves imported run; pending failed death retries without erasing the live record
ok 184 - background checkpoint preserves imported run; pending failed death retries without erasing the live record
  ---
  duration_ms: 14.5386
  type: 'test'
  ...
# Subtest: safe feet from a prior run cannot become a new airborne run checkpoint
ok 185 - safe feet from a prior run cannot become a new airborne run checkpoint
  ---
  duration_ms: 0.8231
  type: 'test'
  ...
# Subtest: an invalid landing retains same-run safe feet while saving live damage and run changes
ok 186 - an invalid landing retains same-run safe feet while saving live damage and run changes
  ---
  duration_ms: 2.2046
  type: 'test'
  ...
# Subtest: an unsafe same-run section transition retains its prior section snapshot without mixing coordinates
ok 187 - an unsafe same-run section transition retains its prior section snapshot without mixing coordinates
  ---
  duration_ms: 0.8502
  type: 'test'
  ...
# Subtest: external local GLB Visual Assets
    # Subtest: coerces a model-only asset to an empty primitive recipe and validates its local path
    ok 1 - coerces a model-only asset to an empty primitive recipe and validates its local path
      ---
      duration_ms: 2920.8117
      type: 'test'
      ...
    # Subtest: shares a pending path load, clears failures for retry, and applies a matte local material template
    ok 2 - shares a pending path load, clears failures for retry, and applies a matte local material template
      ---
      duration_ms: 6.9402
      type: 'test'
      ...
    # Subtest: matches locomotion playback to actual movement and authored instance scale
    ok 3 - matches locomotion playback to actual movement and authored instance scale
      ---
      duration_ms: 8.3157
      type: 'test'
      ...
    # Subtest: clones independently weighted skeletons and disposes only instance bone textures
    ok 4 - clones independently weighted skeletons and disposes only instance bone textures
      ---
      duration_ms: 4.7226
      type: 'test'
      ...
    # Subtest: preloads the prepared Author source so a saved external preview stays synchronous
    ok 5 - preloads the prepared Author source so a saved external preview stays synchronous
      ---
      duration_ms: 856.5061
      type: 'test'
      ...
    # Subtest: Author preview cleanup releases its skeleton while preserving a sibling preview
    ok 6 - Author preview cleanup releases its skeleton while preserving a sibling preview
      ---
      duration_ms: 1.427
      type: 'test'
      ...
    # Subtest: keeps external assets read-only in the primitive authoring actions
    ok 7 - keeps external assets read-only in the primitive authoring actions
      ---
      duration_ms: 1053.9111
      type: 'test'
      ...
    1..7
ok 188 - external local GLB Visual Assets
  ---
  duration_ms: 4854.4947
  type: 'suite'
  ...
# Subtest: opt-in external player visual
    # Subtest: keeps the outer procedural player transform while attaching tool and clips to the external rig
    ok 1 - keeps the outer procedural player transform while attaching tool and clips to the external rig
      ---
      duration_ms: 74.0415
      type: 'test'
      ...
    # Subtest: requires all declared player clips and a right-hand attachment in world data
    ok 2 - requires all declared player clips and a right-hand attachment in world data
      ---
      duration_ms: 654.4615
      type: 'test'
      ...
    # Subtest: uses the physical climb speed without restarting a held grip, and traversal immediately replaces actions
    ok 3 - uses the physical climb speed without restarting a held grip, and traversal immediately replaces actions
      ---
      duration_ms: 22.6161
      type: 'test'
      ...
    # Subtest: uses the climb loop as a provisional prone swim pose and blends the visual child upright
    ok 4 - uses the climb loop as a provisional prone swim pose and blends the visual child upright
      ---
      duration_ms: 19.2116
      type: 'test'
      ...
    1..4
ok 189 - opt-in external player visual
  ---
  duration_ms: 772.1986
  type: 'suite'
  ...
# Subtest: Facing freeze after input release
    # Subtest: A. Move then release, decelerate to IDLE: facing unchanged after release
    ok 1 - A. Move then release, decelerate to IDLE: facing unchanged after release
      ---
      duration_ms: 2.6825
      type: 'test'
      ...
    # Subtest: B. Release diagonal WASD does not rotate toward yaw 0
    ok 2 - B. Release diagonal WASD does not rotate toward yaw 0
      ---
      duration_ms: 0.2915
      type: 'test'
      ...
    # Subtest: C. Tiny joystick vectors below threshold do not change facing
    ok 3 - C. Tiny joystick vectors below threshold do not change facing
      ---
      duration_ms: 0.2972
      type: 'test'
      ...
    # Subtest: D. New meaningful input still turns normally
    ok 4 - D. New meaningful input still turns normally
      ---
      duration_ms: 0.3491
      type: 'test'
      ...
    # Subtest: E. Keyboard and touch use same rule (moveMagnitude based)
    ok 5 - E. Keyboard and touch use same rule (moveMagnitude based)
      ---
      duration_ms: 0.283
      type: 'test'
      ...
    1..5
ok 190 - Facing freeze after input release
  ---
  duration_ms: 5.737
  type: 'suite'
  ...
# Subtest: fall impact rule keeps ordinary height safe and scales larger drops
ok 191 - fall impact rule keeps ordinary height safe and scales larger drops
  ---
  duration_ms: 2.3218
  type: 'test'
  ...
# Subtest: an ordinary jump and a small stepped drop produce no harmful landing
ok 192 - an ordinary jump and a small stepped drop produce no harmful landing
  ---
  duration_ms: 8.3121
  type: 'test'
  ...
# Subtest: jumping from a high ledge retains the apex and produces one landing receipt
ok 193 - jumping from a high ledge retains the apex and produces one landing receipt
  ---
  duration_ms: 1.6539
  type: 'test'
  ...
# Subtest: a direct harmful fall produces one receipt
ok 194 - a direct harmful fall produces one receipt
  ---
  duration_ms: 0.9795
  type: 'test'
  ...
# Subtest: sustained knockback off a ledge tracks the full fall and lands once
ok 195 - sustained knockback off a ledge tracks the full fall and lands once
  ---
  duration_ms: 1.1428
  type: 'test'
  ...
# Subtest: knockback landing during an existing jump preserves its airborne peak
ok 196 - knockback landing during an existing jump preserves its airborne peak
  ---
  duration_ms: 2.0803
  type: 'test'
  ...
# Subtest: resetting an in-progress fall prevents a phantom impact after teleport
ok 197 - resetting an in-progress fall prevents a phantom impact after teleport
  ---
  duration_ms: 1.0908
  type: 'test'
  ...
# Subtest: cartridge is a fixed one-per-slot upgrade and authored resource collisions are rejected
ok 198 - cartridge is a fixed one-per-slot upgrade and authored resource collisions are rejected
  ---
  duration_ms: 3.2579
  type: 'test'
  ...
# Subtest: fit appends four empty slots, consumes exact costs and preserves existing positions and equipment
ok 199 - fit appends four empty slots, consumes exact costs and preserves existing positions and equipment
  ---
  duration_ms: 13.6719
  type: 'test'
  ...
# Subtest: a placed Salvage bench and full recipe are required without charging partial ingredients
ok 200 - a placed Salvage bench and full recipe are required without charging partial ingredients
  ---
  duration_ms: 3.3321
  type: 'test'
  ...
# Subtest: fitting spends pack first and only the selected reachable container
ok 201 - fitting spends pack first and only the selected reachable container
  ---
  duration_ms: 3.884
  type: 'test'
  ...
# Subtest: save failure rolls back both physical sources, pack capacity, equipment and expedition snapshot
ok 202 - save failure rolls back both physical sources, pack capacity, equipment and expedition snapshot
  ---
  duration_ms: 3.3739
  type: 'test'
  ...
# Subtest: fitted capacity and cartridge ownership survive literal load and export/import without a new ledger
ok 203 - fitted capacity and cartridge ownership survive literal load and export/import without a new ledger
  ---
  duration_ms: 3.7277
  type: 'test'
  ...
# Subtest: existing 20-slot packs are never downgraded or charged again
ok 204 - existing 20-slot packs are never downgraded or charged again
  ---
  duration_ms: 1.9653
  type: 'test'
  ...
# Subtest: existing 24-slot packs are never downgraded or charged again
ok 205 - existing 24-slot packs are never downgraded or charged again
  ---
  duration_ms: 1.5065
  type: 'test'
  ...
# Subtest: stack-one cartridges transfer intact, reject oversized imported stacks and remain recoverable from full loot
ok 206 - stack-one cartridges transfer intact, reject oversized imported stacks and remain recoverable from full loot
  ---
  duration_ms: 3.4195
  type: 'test'
  ...
# Subtest: all-item affordability retains safe zero counts for authored object-property resource IDs
ok 207 - all-item affordability retains safe zero counts for authored object-property resource IDs
  ---
  duration_ms: 1.487
  type: 'test'
  ...
# Subtest: field gear checks the creature capsule route, not just the player and landing point
ok 208 - field gear checks the creature capsule route, not just the player and landing point
  ---
  duration_ms: 142.6325
  type: 'test'
  ...
# Subtest: gear placement validates terrain and storage before spending or holding wildlife
ok 209 - gear placement validates terrain and storage before spending or holding wildlife
  ---
  duration_ms: 18.334
  type: 'test'
  ...
# Subtest: Mossling physically reaches berries before trust; approaching gently captures once
ok 210 - Mossling physically reaches berries before trust; approaching gently captures once
  ---
  duration_ms: 9.1275
  type: 'test'
  ...
# Subtest: Tidefin's real snare can expire; a new attempt costs fresh gear and can release to bond
ok 211 - Tidefin's real snare can expire; a new attempt costs fresh gear and can release to bond
  ---
  duration_ms: 12.6774
  type: 'test'
  ...
# Subtest: Emberhorn requires an actual dodged player charge; failed charges and generic recovery cannot open tether
ok 212 - Emberhorn requires an actual dodged player charge; failed charges and generic recovery cannot open tether
  ---
  duration_ms: 5.5572
  type: 'test'
  ...
# Subtest: Skydancer walks to two different perches; remote repeated calls never shortcut the bond
ok 213 - Skydancer walks to two different perches; remote repeated calls never shortcut the bond
  ---
  duration_ms: 6.1396
  type: 'test'
  ...
# Subtest: cancel, damage, travel and Author clear transient gear and restore wild AI without refund or capture
ok 214 - cancel, damage, travel and Author clear transient gear and restore wild AI without refund or capture
  ---
  duration_ms: 5.9396
  type: 'test'
  ...
# Subtest: an outside attack interrupts taming without falsely locking trust or refunding used gear
ok 215 - an outside attack interrupts taming without falsely locking trust or refunding used gear
  ---
  duration_ms: 1.7519
  type: 'test'
  ...
# Subtest: Mossling has a quiet offer window without extending other species or the final bond
ok 216 - Mossling has a quiet offer window without extending other species or the final bond
  ---
  duration_ms: 7.1614
  type: 'test'
  ...
# Subtest: captured wildlife leaves sibling predator targeting and damage paths until expedition reset
ok 217 - captured wildlife leaves sibling predator targeting and damage paths until expedition reset
  ---
  duration_ms: 26.4415
  type: 'test'
  ...
# Subtest: atlas renderer bounds its survey work to visible chunks and leaves fog dark
ok 218 - atlas renderer bounds its survey work to visible chunks and leaves fog dark
  ---
  duration_ms: 3.8329
  type: 'test'
  ...
# Subtest: atlas renderer limits dense visible coverage to 64 chunks
ok 219 - atlas renderer limits dense visible coverage to 64 chunks
  ---
  duration_ms: 1.7127
  type: 'test'
  ...
# Subtest: complete bounded viewport includes a revealed edge chunk without leaking outside masks
ok 220 - complete bounded viewport includes a revealed edge chunk without leaking outside masks
  ---
  duration_ms: 0.8107
  type: 'test'
  ...
# Subtest: terrain colors are cached by immutable survey snapshot and never sampled for fog
ok 221 - terrain colors are cached by immutable survey snapshot and never sampled for fog
  ---
  duration_ms: 0.3867
  type: 'test'
  ...
# Subtest: atlas height tint preserves starter colors and extends bounded contrast through 84m
ok 222 - atlas height tint preserves starter colors and extends bounded contrast through 84m
  ---
  duration_ms: 0.7719
  type: 'test'
  ...
# Subtest: atlas uses the shared coast fields for a readable shore, shallow water and deep ocean
ok 223 - atlas uses the shared coast fields for a readable shore, shallow water and deep ocean
  ---
  duration_ms: 0.2841
  type: 'test'
  ...
# Subtest: heading marker maps controller +Z yaw zero to atlas south
ok 224 - heading marker maps controller +Z yaw zero to atlas south
  ---
  duration_ms: 0.3025
  type: 'test'
  ...
# Subtest: atlas uses stable signed chunk identities and 25-bit masks across negative cell boundaries
ok 225 - atlas uses stable signed chunk identities and 25-bit masks across negative cell boundaries
  ---
  duration_ms: 2.649
  type: 'test'
  ...
# Subtest: atlas rejects malformed and future persisted state and refuses capacity overflow
ok 226 - atlas rejects malformed and future persisted state and refuses capacity overflow
  ---
  duration_ms: 22.7895
  type: 'test'
  ...
# Subtest: survey calls the save owner for new cells only and backs off failed saves for two seconds
ok 227 - survey calls the save owner for new cells only and backs off failed saves for two seconds
  ---
  duration_ms: 0.7272
  type: 'test'
  ...
# Subtest: fixed Caldera geometry has exact outer fade, south breach, and intersection-based clear lane
ok 228 - fixed Caldera geometry has exact outer fade, south breach, and intersection-based clear lane
  ---
  duration_ms: 3.2796
  type: 'test'
  ...
# Subtest: profile is deterministic, seed-variable, bounded, and an exact no-op at zero habitat weight
ok 229 - profile is deterministic, seed-variable, bounded, and an exact no-op at zero habitat weight
  ---
  duration_ms: 2.2958
  type: 'test'
  ...
# Subtest: broad profile replaces temporary ridges with varied charcoal and rust shelves
ok 230 - broad profile replaces temporary ridges with varied charcoal and rust shelves
  ---
  duration_ms: 4.3872
  type: 'test'
  ...
# Subtest: default crater has a low bowl, asymmetric high rim, and supported ramp plus outing floor
ok 231 - default crater has a low bowl, asymmetric high rim, and supported ramp plus outing floor
  ---
  duration_ms: 62.845
  type: 'test'
  ...
# Subtest: region and terrain expose one Caldera result with full and height-only parity
ok 232 - region and terrain expose one Caldera result with full and height-only parity
  ---
  duration_ms: 2.3073
  type: 'test'
  ...
# Subtest: all crater chunks share exact mesh, color, query, and collider-field borders
ok 233 - all crater chunks share exact mesh, color, query, and collider-field borders
  ---
  duration_ms: 527.3618
  type: 'test'
  ...
# Subtest: regional terrain foliage stays bounded and dry while starter tint remains unchanged
ok 234 - regional terrain foliage stays bounded and dry while starter tint remains unchanged
  ---
  duration_ms: 4424.9317
  type: 'test'
  ...
# Subtest: inland grass grows at native ecotone witnesses without crowding nearby forage or the Lush cache
ok 235 - inland grass grows at native ecotone witnesses without crowding nearby forage or the Lush cache
  ---
  duration_ms: 4273.5461
  type: 'test'
  ...
# Subtest: loads a bounded five-by-five frontier window while reserving Camp chunks
ok 236 - loads a bounded five-by-five frontier window while reserving Camp chunks
  ---
  duration_ms: 621.52
  type: 'test'
  ...
# Subtest: loads incoming support before retiring a shifted window and ignores edge wiggle
ok 237 - loads incoming support before retiring a shifted window and ignores edge wiggle
  ---
  duration_ms: 786.8413
  type: 'test'
  ...
# Subtest: authoritative movement prepares one detached axis chunk per call and reuses all five at crossing
ok 238 - authoritative movement prepares one detached axis chunk per call and reuses all five at crossing
  ---
  duration_ms: 777.3461
  type: 'test'
  ...
# Subtest: diagonal anticipation is bounded to nine detached chunks and survives frames without a movement step
ok 239 - diagonal anticipation is bounded to nine detached chunks and survives frames without a movement step
  ---
  duration_ms: 1153.1246
  type: 'test'
  ...
# Subtest: render frames interleaved with fixed movement retain the same prediction until real reversal
ok 240 - render frames interleaved with fixed movement retain the same prediction until real reversal
  ---
  duration_ms: 844.8524
  type: 'test'
  ...
# Subtest: failed complete-window physics keeps the published residency and retries without leaked preparation
ok 241 - failed complete-window physics keeps the published residency and retries without leaked preparation
  ---
  duration_ms: 925.1005
  type: 'test'
  ...
# Subtest: partial incoming geometry construction disposes every candidate and preserves the published window for retry
ok 242 - partial incoming geometry construction disposes every candidate and preserves the published window for retry
  ---
  duration_ms: 892.6953
  type: 'test'
  ...
# Subtest: negative-edge preparation clears on reversal and reuses five detached chunks on westward crossing
ok 243 - negative-edge preparation clears on reversal and reuses five detached chunks on westward crossing
  ---
  duration_ms: 929.5009
  type: 'test'
  ...
# Subtest: inactive and Author states retire residents in one batch and hide the root
ok 244 - inactive and Author states retire residents in one batch and hide the root
  ---
  duration_ms: 648.6861
  type: 'test'
  ...
# Subtest: height query exactly delegates to the shared frontier height sampler
ok 245 - height query exactly delegates to the shared frontier height sampler
  ---
  duration_ms: 2.8036
  type: 'test'
  ...
# Subtest: runtime exposes one immutable descriptor and seeds terrain plus built-in foliage
ok 246 - runtime exposes one immutable descriptor and seeds terrain plus built-in foliage
  ---
  duration_ms: 5501.0922
  type: 'test'
  ...
# Subtest: Camp query preserves the authored negative surface height
ok 247 - Camp query preserves the authored negative surface height
  ---
  duration_ms: 4.2129
  type: 'test'
  ...
# Subtest: disposal releases residents, root and shared visual resources once
ok 248 - disposal releases residents, root and shared visual resources once
  ---
  duration_ms: 715.8844
  type: 'test'
  ...
# Subtest: unloaded foliage releases its instance buffer exactly once
ok 249 - unloaded foliage releases its instance buffer exactly once
  ---
  duration_ms: 1060.4548
  type: 'test'
  ...
# Subtest: Skybreak terrain grass keeps its old scale, complete footprint support, and limited shadow casters
ok 250 - Skybreak terrain grass keeps its old scale, complete footprint support, and limited shadow casters
  ---
  duration_ms: 2758.2753
  type: 'test'
  ...
# Subtest: real streamed terrain retires every floor and grass resident in deep ocean, then republishes the shore within its cap
ok 251 - real streamed terrain retires every floor and grass resident in deep ocean, then republishes the shore within its cap
  ---
  duration_ms: 2016.5189
  type: 'test'
  ...
# Subtest: wading and swimming retain last dry feet while checkpoints still save live health, XP, cargo events, and pending companions
ok 252 - wading and swimming retain last dry feet while checkpoints still save live health, XP, cargo events, and pending companions
  ---
  duration_ms: 3.8022
  type: 'test'
  ...
# Subtest: coast resume keeps the saved candidate first and only accepts the corrected shore or Camp fallback after a real Rapier support query
ok 253 - coast resume keeps the saved candidate first and only accepts the corrected shore or Camp fallback after a real Rapier support query
  ---
  duration_ms: 688.1149
  type: 'test'
  ...
# Subtest: entering swim cancels an active field swing, hides field and ability controls, and blocks combat callbacks
ok 254 - entering swim cancels an active field swing, hides field and ability controls, and blocks combat callbacks
  ---
  duration_ms: 22.4557
  type: 'test'
  ...
# Subtest: authored mainland is about six by seven kilometres with a broad concave southeast gulf
ok 255 - authored mainland is about six by seven kilometres with a broad concave southeast gulf
  ---
  duration_ms: 262.0027
  type: 'test'
  ...
# Subtest: bounded seed variation is deterministic, changes local outline, and stays valid
ok 256 - bounded seed variation is deterministic, changes local outline, and stays valid
  ---
  duration_ms: 133.0317
  type: 'test'
  ...
# Subtest: the new outline preserves the complete legacy land envelope and named witnesses
ok 257 - the new outline preserves the complete legacy land envelope and named witnesses
  ---
  duration_ms: 65.0512
  type: 'test'
  ...
# Subtest: nearest-edge direction points toward increasing signed coast distance
ok 258 - nearest-edge direction points toward increasing signed coast distance
  ---
  duration_ms: 2.2014
  type: 'test'
  ...
# Subtest: water profile retains metre-based shallow, shelf, and deep bands at the authored coast
ok 259 - water profile retains metre-based shallow, shelf, and deep bands at the authored coast
  ---
  duration_ms: 2.8409
  type: 'test'
  ...
# Subtest: one shared footprint rule includes the full movement or prop disk and dry margin
ok 260 - one shared footprint rule includes the full movement or prop disk and dry margin
  ---
  duration_ms: 6.8666
  type: 'test'
  ...
# Subtest: terrain exposes the coast contract and indexes only complete shelf triangles
ok 261 - terrain exposes the coast contract and indexes only complete shelf triangles
  ---
  duration_ms: 231.7537
  type: 'test'
  ...
# Subtest: fixed Signal Cache is admitted, deterministic, supported, and clear of generated life
ok 262 - fixed Signal Cache is admitted, deterministic, supported, and clear of generated life
  ---
  duration_ms: 669.6995
  type: 'test'
  ...
# Subtest: real Lush witness carries its scaled chest into the canonical discovery identity
ok 263 - real Lush witness carries its scaled chest into the canonical discovery identity
  ---
  duration_ms: 211.9563
  type: 'test'
  ...
# Subtest: Signal Cache fails closed without exact admitted assets, loot, reserve clearance, support, or life clearance
ok 264 - Signal Cache fails closed without exact admitted assets, loot, reserve clearance, support, or life clearance
  ---
  duration_ms: 21.4836
  type: 'test'
  ...
# Subtest: fixed Signal Cache follows supported land independently of the temporary base grammar
ok 265 - fixed Signal Cache follows supported land independently of the temporary base grammar
  ---
  duration_ms: 2.3935
  type: 'test'
  ...
# Subtest: finite catalog eagerly enumerates stable grove identities independently of the Signal receiver
ok 266 - finite catalog eagerly enumerates stable grove identities independently of the Signal receiver
  ---
  duration_ms: 0.4986
  type: 'test'
  ...
# Subtest: canonical catalog shares the finite grove admission domain and visits each chunk exactly once
ok 267 - canonical catalog shares the finite grove admission domain and visits each chunk exactly once
  ---
  duration_ms: 1.3302
  type: 'test'
  ...
# Subtest: Signal Cache full-pack retry, streaming unload, and save normalization share one stable loot identity
ok 268 - Signal Cache full-pack retry, streaming unload, and save normalization share one stable loot identity
  ---
  duration_ms: 1154.8032
  type: 'test'
  ...
# Subtest: Signal Cache failed storage commit retains reward ownership for a clean retry
ok 269 - Signal Cache failed storage commit retains reward ownership for a clean retry
  ---
  duration_ms: 435.0568
  type: 'test'
  ...
# Subtest: Signal Cache partial iron remainder persists through unload and reload without repeating XP
ok 270 - Signal Cache partial iron remainder persists through unload and reload without repeating XP
  ---
  duration_ms: 1292.0452
  type: 'test'
  ...
# Subtest: discovery box surfaces are grounded, coherently indexed, and rotate collision offsets with their visual
ok 271 - discovery box surfaces are grounded, coherently indexed, and rotate collision offsets with their visual
  ---
  duration_ms: 6.8634
  type: 'test'
  ...
# Subtest: grove chest scale shrinks visual, collision dimensions, and rotated collision offset together
ok 272 - grove chest scale shrinks visual, collision dimensions, and rotated collision offset together
  ---
  duration_ms: 0.7404
  type: 'test'
  ...
# Subtest: discovery visual fails clear for invalid per-instance chest scale
ok 273 - discovery visual fails clear for invalid per-instance chest scale
  ---
  duration_ms: 0.7805
  type: 'test'
  ...
# Subtest: generated grove discovery can stream as a chest-only visual with one grounded collider
ok 274 - generated grove discovery can stream as a chest-only visual with one grounded collider
  ---
  duration_ms: 0.6636
  type: 'test'
  ...
# Subtest: discovery follows terrain residency with one visual, two colliders, and explicit mechanism lifecycle
ok 275 - discovery follows terrain residency with one visual, two colliders, and explicit mechanism lifecycle
  ---
  duration_ms: 1.7322
  type: 'test'
  ...
# Subtest: failed resident construction leaves the prior registry and scene state empty for retry
ok 276 - failed resident construction leaves the prior registry and scene state empty for retry
  ---
  duration_ms: 0.6446
  type: 'test'
  ...
# Subtest: failed replacement physics disposes the candidate, keeps the resident visual, and retries the snapshot
ok 277 - failed replacement physics disposes the candidate, keeps the resident visual, and retries the snapshot
  ---
  duration_ms: 1.1089
  type: 'test'
  ...
# Subtest: all definitions in resident chunks coexist and reconcile by bounded chunk-index diffs
ok 278 - all definitions in resident chunks coexist and reconcile by bounded chunk-index diffs
  ---
  duration_ms: 1.066
  type: 'test'
  ...
# Subtest: duplicate definitions fail before residency and partial staged construction is disposed for retry
ok 279 - duplicate definitions fail before residency and partial staged construction is disposed for retry
  ---
  duration_ms: 1.0945
  type: 'test'
  ...
# Subtest: frontier forage is deterministic, bounded, stable-IDed, and clear of Camp
ok 280 - frontier forage is deterministic, bounded, stable-IDed, and clear of Camp
  ---
  duration_ms: 28.7114
  type: 'test'
  ...
# Subtest: habitats select different broad forage mixes and reject injected steep terrain
ok 281 - habitats select different broad forage mixes and reject injected steep terrain
  ---
  duration_ms: 10.1152
  type: 'test'
  ...
# Subtest: forage attempts retain their IDs and budget while rejecting wet footprints
ok 282 - forage attempts retain their IDs and budget while rejecting wet footprints
  ---
  duration_ms: 0.9561
  type: 'test'
  ...
# Subtest: regional forage keeps legacy recipes at zero influence and makes the default Sunscar witness mineral-heavy
ok 283 - regional forage keeps legacy recipes at zero influence and makes the default Sunscar witness mineral-heavy
  ---
  duration_ms: 12.7269
  type: 'test'
  ...
# Subtest: north Camp approach starts with a nearby deterministic forage group
ok 284 - north Camp approach starts with a nearby deterministic forage group
  ---
  duration_ms: 3.145
  type: 'test'
  ...
# Subtest: north terrace rock slots use admitted mineral assets with canonical IDs and sufficient yield
ok 285 - north terrace rock slots use admitted mineral assets with canonical IDs and sufficient yield
  ---
  duration_ms: 4.1199
  type: 'test'
  ...
# Subtest: missing or non-harvestable mineral assets preserve the ordinary rock recipes
ok 286 - missing or non-harvestable mineral assets preserve the ordinary rock recipes
  ---
  duration_ms: 6.0918
  type: 'test'
  ...
# Subtest: Caldera stages two distinct supported harvestables with finite IDs outside the breach lane
ok 287 - Caldera stages two distinct supported harvestables with finite IDs outside the breach lane
  ---
  duration_ms: 31.6853
  type: 'test'
  ...
# Subtest: Caldera fixed minerals fail closed while broad ordinary ecology becomes sparse rock and rust forage
ok 288 - Caldera fixed minerals fail closed while broad ordinary ecology becomes sparse rock and rust forage
  ---
  duration_ms: 47.9375
  type: 'test'
  ...
# Subtest: Skybreak stages useful lowland supplies and a cap mineral with reserved persistent IDs
ok 289 - Skybreak stages useful lowland supplies and a cap mineral with reserved persistent IDs
  ---
  duration_ms: 130.2996
  type: 'test'
  ...
# Subtest: regional blooms reserve ordinary forage and add priority finite crystal residents without renumbering
ok 290 - regional blooms reserve ordinary forage and add priority finite crystal residents without renumbering
  ---
  duration_ms: 59.7566
  type: 'test'
  ...
# Subtest: Fungal Hollow publishes four fixed finite luminous blossoms before ordinary forage
ok 291 - Fungal Hollow publishes four fixed finite luminous blossoms before ordinary forage
  ---
  duration_ms: 71.9784
  type: 'test'
  ...
# Subtest: Fungal blossoms fail closed as one exact asset family and reject unsupported feet
ok 292 - Fungal blossoms fail closed as one exact asset family and reject unsupported feet
  ---
  duration_ms: 150.6031
  type: 'test'
  ...
# Subtest: ordinary forage footprint disks stay outside the complete Fungal outing
ok 293 - ordinary forage footprint disks stay outside the complete Fungal outing
  ---
  duration_ms: 2.9073
  type: 'test'
  ...
# Subtest: ecology runtime follows terrain residency without duplicate churn and retires residents
ok 294 - ecology runtime follows terrain residency without duplicate churn and retires residents
  ---
  duration_ms: 167.7298
  type: 'test'
  ...
# Subtest: a five-by-five terrain snapshot admits only the center three-by-three forage window
ok 295 - a five-by-five terrain snapshot admits only the center three-by-three forage window
  ---
  duration_ms: 161.7316
  type: 'test'
  ...
# Subtest: harvestable berry recipes retain their asset type, drop, and chunk count
ok 296 - harvestable berry recipes retain their asset type, drop, and chunk count
  ---
  duration_ms: 14.3994
  type: 'test'
  ...
# Subtest: regional straw tint reaches the generic fiber instance materials
ok 297 - regional straw tint reaches the generic fiber instance materials
  ---
  duration_ms: 13.9098
  type: 'test'
  ...
# Subtest: real Rapier generated forage restores a committed harvest after resident unload and revisit
ok 298 - real Rapier generated forage restores a committed harvest after resident unload and revisit
  ---
  duration_ms: 33.3961
  type: 'test'
  ...
# Subtest: seeded bloom crystal keeps scaled collision, failed-save safety and finite depletion through real residency and reload
ok 299 - seeded bloom crystal keeps scaled collision, failed-save safety and finite depletion through real residency and reload
  ---
  duration_ms: 186.9738
  type: 'test'
  ...
# Subtest: creates a canonical empty ecology ledger and stable bounded resource IDs
ok 300 - creates a canonical empty ecology ledger and stable bounded resource IDs
  ---
  duration_ms: 2.1951
  type: 'test'
  ...
# Subtest: strictly validates supplied ecology and capacity
ok 301 - strictly validates supplied ecology and capacity
  ---
  duration_ms: 41.3802
  type: 'test'
  ...
# Subtest: Fungal geometry exposes fixed branches, outing content, and intersection predicates
ok 302 - Fungal geometry exposes fixed branches, outing content, and intersection predicates
  ---
  duration_ms: 2.993
  type: 'test'
  ...
# Subtest: branch union, unequal near banks, and neutral exterior are bounded and continuous
ok 303 - branch union, unequal near banks, and neutral exterior are bounded and continuous
  ---
  duration_ms: 2.276
  type: 'test'
  ...
# Subtest: Fungal profile is deterministic, seed-characterful, colored, and exact at zero weight
ok 304 - Fungal profile is deterministic, seed-characterful, colored, and exact at zero weight
  ---
  duration_ms: 1.7316
  type: 'test'
  ...
# Subtest: local branch displacement fades to zero at every finite feature bound
ok 305 - local branch displacement fades to zero at every finite feature bound
  ---
  duration_ms: 0.9759
  type: 'test'
  ...
# Subtest: region and terrain publish one Fungal blend and feature metadata only at actual influence
ok 306 - region and terrain publish one Fungal blend and feature metadata only at actual influence
  ---
  duration_ms: 5.8202
  type: 'test'
  ...
# Subtest: both six-metre routes and fixed life footprints remain supported by analytic terrain
ok 307 - both six-metre routes and fixed life footprints remain supported by analytic terrain
  ---
  duration_ms: 80.8595
  type: 'test'
  ...
# Subtest: two-metre rendered triangles retain route and fixed-life grounding
ok 308 - two-metre rendered triangles retain route and fixed-life grounding
  ---
  duration_ms: 517.2876
  type: 'test'
  ...
# Subtest: two broad shelf toes support the repaired 23-prop composition on rendered triangles
ok 309 - two broad shelf toes support the repaired 23-prop composition on rendered triangles
  ---
  duration_ms: 222.9143
  type: 'test'
  ...
# Subtest: continent overview is bounded, deterministic, and owns no life enumeration
ok 310 - continent overview is bounded, deterministic, and owns no life enumeration
  ---
  duration_ms: 1816.2533
  type: 'test'
  ...
# Subtest: continent overview rejects spans and sample grids beyond its fixed limits
ok 311 - continent overview rejects spans and sample grids beyond its fixed limits
  ---
  duration_ms: 1756.7293
  type: 'test'
  ...
# Subtest: the detailed local inspector still emits its life and placement report
ok 312 - the detailed local inspector still emits its life and placement report
  ---
  duration_ms: 923.4139
  type: 'test'
  ...
# Subtest: the real controller walks across the open Camp edge and streamed chunk boundaries
ok 313 - the real controller walks across the open Camp edge and streamed chunk boundaries
  ---
  duration_ms: 3894.9625
  type: 'test'
  ...
# Subtest: frontier terrace landform visual
    # Subtest: keeps the visual and chunk-local convex hull transforms aligned, clear, and disposable
    ok 1 - keeps the visual and chunk-local convex hull transforms aligned, clear, and disposable
      ---
      duration_ms: 3667.4897
      type: 'test'
      ...
    1..1
ok 314 - frontier terrace landform visual
  ---
  duration_ms: 3668.9915
  type: 'suite'
  ...
# Subtest: frontier Skybreak embedded rock face
    # Subtest: aligns every hull vertex with the fixed visual and uses the reviewed support probe
    ok 1 - aligns every hull vertex with the fixed visual and uses the reviewed support probe
      ---
      duration_ms: 1.9131
      type: 'test'
      ...
    # Subtest: retires and restores the one stable rock hull with its resident and excludes alternate worlds
    ok 2 - retires and restores the one stable rock hull with its resident and excludes alternate worlds
      ---
      duration_ms: 10296.8579
      type: 'test'
      ...
    1..2
ok 315 - frontier Skybreak embedded rock face
  ---
  duration_ms: 10299.0823
  type: 'suite'
  ...
# Subtest: frontier Ironspine arrival buttresses
    # Subtest: samples the two reviewed full-hull support probes and aligns every visual and hull vertex
    ok 1 - samples the two reviewed full-hull support probes and aligns every visual and hull vertex
      ---
      duration_ms: 1.6879
      type: 'test'
      ...
    # Subtest: is default-world-only and restores its two stable hulls after resident unload/re-entry
    ok 2 - is default-world-only and restores its two stable hulls after resident unload/re-entry
      ---
      duration_ms: 2798.2024
      type: 'test'
      ...
    1..2
ok 316 - frontier Ironspine arrival buttresses
  ---
  duration_ms: 2800.3909
  type: 'suite'
  ...
# Subtest: one resident window owns at most three coherent ocean draws
ok 317 - one resident window owns at most three coherent ocean draws
  ---
  duration_ms: 15.581
  type: 'test'
  ...
# Subtest: residency changes rebuild once, inland windows release the presentation, and reset disposes geometry
ok 318 - residency changes rebuild once, inland windows release the presentation, and reset disposes geometry
  ---
  duration_ms: 12.5838
  type: 'test'
  ...
# Subtest: current streaks move only during visible unpaused presentation updates
ok 319 - current streaks move only during visible unpaused presentation updates
  ---
  duration_ms: 4.8635
  type: 'test'
  ...
# Subtest: surface swimming writes a bounded broken wake into the existing current draw only
ok 320 - surface swimming writes a bounded broken wake into the existing current draw only
  ---
  duration_ms: 4.5566
  type: 'test'
  ...
# Subtest: malformed inland samples fail closed without allocating ocean draws
ok 321 - malformed inland samples fail closed without allocating ocean draws
  ---
  duration_ms: 2.5902
  type: 'test'
  ...
# Subtest: walking four metres beyond Camp begins once at the current position
ok 322 - walking four metres beyond Camp begins once at the current position
  ---
  duration_ms: 3.133
  type: 'test'
  ...
# Subtest: unsupported motion waits and a failed start remains Camp with a bounded retry
ok 323 - unsupported motion waits and a failed start remains Camp with a bounded retry
  ---
  duration_ms: 0.3922
  type: 'test'
  ...
# Subtest: the Camp depart action uses the same in-place start inside the boundary
ok 324 - the Camp depart action uses the same in-place start inside the boundary
  ---
  duration_ms: 0.5229
  type: 'test'
  ...
# Subtest: a failed initial checkpoint rolls the session back without changing cargo or XP
ok 325 - a failed initial checkpoint rolls the session back without changing cargo or XP
  ---
  duration_ms: 5.0941
  type: 'test'
  ...
# Subtest: a start is committed only when the saved record matches the new run identity
ok 326 - a start is committed only when the saved record matches the new run identity
  ---
  duration_ms: 0.4342
  type: 'test'
  ...
# Subtest: atlas reveal is atomic, idempotent, and exposes a stable immutable snapshot until commit
ok 327 - atlas reveal is atomic, idempotent, and exposes a stable immutable snapshot until commit
  ---
  duration_ms: 7.3582
  type: 'test'
  ...
# Subtest: atlas coverage survives reload and malformed/future imported atlas is rejected without changing it
ok 328 - atlas coverage survives reload and malformed/future imported atlas is rejected without changing it
  ---
  duration_ms: 9.3214
  type: 'test'
  ...
# Subtest: finite forage scar commits, reloads, and repeats idempotently
ok 329 - finite forage scar commits, reloads, and repeats idempotently
  ---
  duration_ms: 11.1399
  type: 'test'
  ...
# Subtest: malformed or future ecology rejects import and leaves active save unchanged
ok 330 - malformed or future ecology rejects import and leaves active save unchanged
  ---
  duration_ms: 2.4399
  type: 'test'
  ...
# Subtest: capacity and storage failure never drop or partially write scars
ok 331 - capacity and storage failure never drop or partially write scars
  ---
  duration_ms: 86.3382
  type: 'test'
  ...
# Subtest: a pending bond and an injured active Mossling take priority over the fresh-player loop
ok 332 - a pending bond and an injured active Mossling take priority over the fresh-player loop
  ---
  duration_ms: 2.7451
  type: 'test'
  ...
# Subtest: the berry lure path follows the live recipe cost and physical Camp boundary
ok 333 - the berry lure path follows the live recipe cost and physical Camp boundary
  ---
  duration_ms: 1.5889
  type: 'test'
  ...
# Subtest: builder-facing ready supplies stay below bond and health safety priorities
ok 334 - builder-facing ready supplies stay below bond and health safety priorities
  ---
  duration_ms: 1.3187
  type: 'test'
  ...
# Subtest: bed and garden guidance reads live costs without requiring an optional foundation
ok 335 - bed and garden guidance reads live costs without requiring an optional foundation
  ---
  duration_ms: 0.7893
  type: 'test'
  ...
# Subtest: Camp craft and build can spend reachable storage while care still requires a packed berry
ok 336 - Camp craft and build can spend reachable storage while care still requires a packed berry
  ---
  duration_ms: 0.6105
  type: 'test'
  ...
# Subtest: settling, feeding, planting, growing, and harvesting form one recurring loop
ok 337 - settling, feeding, planting, growing, and harvesting form one recurring loop
  ---
  duration_ms: 0.7584
  type: 'test'
  ...
# Subtest: an established active Mossling gets one useful away purpose without turning ready Camp processes into chores
ok 338 - an established active Mossling gets one useful away purpose without turning ready Camp processes into chores
  ---
  duration_ms: 0.4784
  type: 'test'
  ...
# Subtest: grove guidance requires the active secured Mossling and remains below bond and health safety priorities
ok 339 - grove guidance requires the active secured Mossling and remains below bond and health safety priorities
  ---
  duration_ms: 0.2988
  type: 'test'
  ...
# Subtest: active Camp processes and feeding outrank requests for optional or later structures
ok 340 - active Camp processes and feeding outrank requests for optional or later structures
  ---
  duration_ms: 0.6655
  type: 'test'
  ...
# Subtest: Caldera exploration follows the actual habitat while urgent care and pending bonds retain priority
ok 341 - Caldera exploration follows the actual habitat while urgent care and pending bonds retain priority
  ---
  duration_ms: 0.9132
  type: 'test'
  ...
# Subtest: Fungal outings replace distant grove chores without displacing safety or Camp care
ok 342 - Fungal outings replace distant grove chores without displacing safety or Camp care
  ---
  duration_ms: 0.5253
  type: 'test'
  ...
# Subtest: derivation does not mutate inputs or emit stale portal navigation language
ok 343 - derivation does not mutate inputs or emit stale portal navigation language
  ---
  duration_ms: 0.9648
  type: 'test'
  ...
# Subtest: frontier purpose stays compact and yields to active field guidance
ok 344 - frontier purpose stays compact and yields to active field guidance
  ---
  duration_ms: 2.4286
  type: 'test'
  ...
# Subtest: purpose highlights only a ready active Mossling Bloom outside Camp
ok 345 - purpose highlights only a ready active Mossling Bloom outside Camp
  ---
  duration_ms: 0.5064
  type: 'test'
  ...
# Subtest: Tidal Ward readout follows active seconds, then returns to cooldown and ready states
ok 346 - Tidal Ward readout follows active seconds, then returns to cooldown and ready states
  ---
  duration_ms: 1.5715
  type: 'test'
  ...
# Subtest: ability HUD hides for blocking surfaces and ignores stale ward fields on other abilities
ok 347 - ability HUD hides for blocking surfaces and ignores stale ward fields on other abilities
  ---
  duration_ms: 0.468
  type: 'test'
  ...
# Subtest: fixed macro ownership is seed-independent while local relief varies by seed
ok 348 - fixed macro ownership is seed-independent while local relief varies by seed
  ---
  duration_ms: 10.1209
  type: 'test'
  ...
# Subtest: sampler replay matches direct sampling and normalizes invalid coordinates
ok 349 - sampler replay matches direct sampling and normalizes invalid coordinates
  ---
  duration_ms: 2.4878
  type: 'test'
  ...
# Subtest: Camp apron and starter/Skybreak corridor reserve terrain but retain habitat ownership
ok 350 - Camp apron and starter/Skybreak corridor reserve terrain but retain habitat ownership
  ---
  duration_ms: 0.9775
  type: 'test'
  ...
# Subtest: distance-gap blending is normalized and continuous across boundaries and a triple junction
ok 351 - distance-gap blending is normalized and continuous across boundaries and a triple junction
  ---
  duration_ms: 73.617
  type: 'test'
  ...
# Subtest: habitat weights aggregate into normalized legacy grammar weights
ok 352 - habitat weights aggregate into normalized legacy grammar weights
  ---
  duration_ms: 16.6914
  type: 'test'
  ...
# Subtest: the three retained base grammars keep distinct morphology and palettes
ok 353 - the three retained base grammars keep distinct morphology and palettes
  ---
  duration_ms: 1.165
  type: 'test'
  ...
# Subtest: Caldera profile leaves a zero-weight habitat core numerically unchanged
ok 354 - Caldera profile leaves a zero-weight habitat core numerically unchanged
  ---
  duration_ms: 0.296
  type: 'test'
  ...
# Subtest: finite region catalog freezes the exact ten authored macro sites in stable order
ok 355 - finite region catalog freezes the exact ten authored macro sites in stable order
  ---
  duration_ms: 2.6255
  type: 'test'
  ...
# Subtest: Lush grove compositions stay in their registered catalog domain while outer mineral places remain available
ok 356 - Lush grove compositions stay in their registered catalog domain while outer mineral places remain available
  ---
  duration_ms: 29.8948
  type: 'test'
  ...
# Subtest: default Lush owner becomes one supported deterministic root cache without changing its owner recipe
ok 357 - default Lush owner becomes one supported deterministic root cache without changing its owner recipe
  ---
  duration_ms: 18.5604
  type: 'test'
  ...
# Subtest: Lush root cache requires pure dry terrain, whole support, and its exact admitted stateless kit
ok 358 - Lush root cache requires pure dry terrain, whole support, and its exact admitted stateless kit
  ---
  duration_ms: 2.9453
  type: 'test'
  ...
# Subtest: default crystal-bloom witness retains the numerical recipe and one owner chunk
ok 359 - default crystal-bloom witness retains the numerical recipe and one owner chunk
  ---
  duration_ms: 9.2772
  type: 'test'
  ...
# Subtest: each macrocell has at most one owner and another valid seed changes its recipe
ok 360 - each macrocell has at most one owner and another valid seed changes its recipe
  ---
  duration_ms: 0.9939
  type: 'test'
  ...
# Subtest: priority thinning admits at most one owner in every local 3x3 chunk window
ok 361 - priority thinning admits at most one owner in every local 3x3 chunk window
  ---
  duration_ms: 0.952
  type: 'test'
  ...
# Subtest: places fail closed on province, surface, whole support, exact reserve, and Signal Cache clearance
ok 362 - places fail closed on province, surface, whole support, exact reserve, and Signal Cache clearance
  ---
  duration_ms: 0.81
  type: 'test'
  ...
# Subtest: one shared asset gate requires the real finite crystal and every usable decor asset
ok 363 - one shared asset gate requires the real finite crystal and every usable decor asset
  ---
  duration_ms: 13.4045
  type: 'test'
  ...
# Subtest: all witness parts and its open approach have support and solid footprints do not overlap
ok 364 - all witness parts and its open approach have support and solid footprints do not overlap
  ---
  duration_ms: 6.8126
  type: 'test'
  ...
# Subtest: cleft places use only reserved crystal slots 200 and 201 and keep resources physically separate
ok 365 - cleft places use only reserved crystal slots 200 and 201 and keep resources physically separate
  ---
  duration_ms: 1.7487
  type: 'test'
  ...
# Subtest: the complete admitted Fungal shelf garden publishes 23 stable supported low props
ok 366 - the complete admitted Fungal shelf garden publishes 23 stable supported low props
  ---
  duration_ms: 1099.6077
  type: 'test'
  ...
# Subtest: Fungal fixed scenery retries atomically after an incomplete exact mesh kit
ok 367 - Fungal fixed scenery retries atomically after an incomplete exact mesh kit
  ---
  duration_ms: 168.7215
  type: 'test'
  ...
# Subtest: strong Fungal ordinary recipes favor complete Mooncap and low rubble models while logs stay rare
ok 368 - strong Fungal ordinary recipes favor complete Mooncap and low rubble models while logs stay rare
  ---
  duration_ms: 1.8838
  type: 'test'
  ...
# Subtest: ordinary Fungal solid stones reserve the complete Thorn home while soft dressing remains eligible
ok 369 - ordinary Fungal solid stones reserve the complete Thorn home while soft dressing remains eligible
  ---
  duration_ms: 1.3491
  type: 'test'
  ...
# Subtest: the Caldera breach composition frames the portrait lane with supported admitted low props
ok 370 - the Caldera breach composition frames the portrait lane with supported admitted low props
  ---
  duration_ms: 718.8871
  type: 'test'
  ...
# Subtest: Caldera scenery requires one complete exact prop mesh kit while ordinary dressing admits each asset independently
ok 371 - Caldera scenery requires one complete exact prop mesh kit while ordinary dressing admits each asset independently
  ---
  duration_ms: 1376.03
  type: 'test'
  ...
# Subtest: Caldera scenery clears scaled resources plus the full Emberhorn leash
ok 372 - Caldera scenery clears scaled resources plus the full Emberhorn leash
  ---
  duration_ms: 1.7354
  type: 'test'
  ...
# Subtest: the Sunscar bloom decor enters scenery as one exact low-prop formation within existing caps
ok 373 - the Sunscar bloom decor enters scenery as one exact low-prop formation within existing caps
  ---
  duration_ms: 2105.2017
  type: 'test'
  ...
# Subtest: the Lush grove retains all seven mixed scenery slots as one capped nearby group
ok 374 - the Lush grove retains all seven mixed scenery slots as one capped nearby group
  ---
  duration_ms: 1190.8639
  type: 'test'
  ...
# Subtest: one bounded adjacent-owner lookup excludes ordinary scenery and grass across a place boundary
ok 375 - one bounded adjacent-owner lookup excludes ordinary scenery and grass across a place boundary
  ---
  duration_ms: 2.8148
  type: 'test'
  ...
# Subtest: place lookup cap bounds storage without changing over-cap exclusion semantics
ok 376 - place lookup cap bounds storage without changing over-cap exclusion semantics
  ---
  duration_ms: 0.9069
  type: 'test'
  ...
# Subtest: missing or malformed bloom assets leave no reservation, partial group, or ordinary recipe hole
ok 377 - missing or malformed bloom assets leave no reservation, partial group, or ordinary recipe hole
  ---
  duration_ms: 106.1452
  type: 'test'
  ...
# Subtest: family-specific asset admission keeps grove catalog and scenery reservations in sync
ok 378 - family-specific asset admission keeps grove catalog and scenery reservations in sync
  ---
  duration_ms: 37.2737
  type: 'test'
  ...
# Subtest: one residency build shares a bounded exclusion-recipe cache across selection and ground cover
ok 379 - one residency build shares a bounded exclusion-recipe cache across selection and ground cover
  ---
  duration_ms: 27.4847
  type: 'test'
  ...
# Subtest: shared exclusion recipes preserve selected specs and clearance decisions
ok 380 - shared exclusion recipes preserve selected specs and clearance decisions
  ---
  duration_ms: 40.2924
  type: 'test'
  ...
# Subtest: a retained recipe cache reuses overlap across signed and diagonal shifts and resets on teleport
ok 381 - a retained recipe cache reuses overlap across signed and diagonal shifts and resets on teleport
  ---
  duration_ms: 82.1399
  type: 'test'
  ...
# Subtest: completed ordinary and near-only infill recipes retry failures and prune independently
ok 382 - completed ordinary and near-only infill recipes retry failures and prune independently
  ---
  duration_ms: 63.4436
  type: 'test'
  ...
# Subtest: incremental preparation drains to the exact synchronous recipe with bounded work
ok 383 - incremental preparation drains to the exact synchronous recipe with bounded work
  ---
  duration_ms: 23.6104
  type: 'test'
  ...
# Subtest: partial prepare cancellation and failure never publish an infill recipe and remain retryable
ok 384 - partial prepare cancellation and failure never publish an infill recipe and remain retryable
  ---
  duration_ms: 21.5412
  type: 'test'
  ...
# Subtest: one exact point memo removes repeated terrain work without changing selected or visible output
ok 385 - one exact point memo removes repeated terrain work without changing selected or visible output
  ---
  duration_ms: 137.6756
  type: 'test'
  ...
# Subtest: point memo keeps height and sample semantics separate, preserves fallback, and stops growing at its cap
ok 386 - point memo keeps height and sample semantics separate, preserves fallback, and stops growing at its cap
  ---
  duration_ms: 9.0737
  type: 'test'
  ...
# Subtest: Lush-weighted near infill is bounded, deterministic, supported, and keeps ordinary identities
ok 387 - Lush-weighted near infill is bounded, deterministic, supported, and keeps ordinary identities
  ---
  duration_ms: 52.3251
  type: 'test'
  ...
# Subtest: the shared lily envelope rejects an ordinary placement whose authored footprint crosses a lip
ok 388 - the shared lily envelope rejects an ordinary placement whose authored footprint crosses a lip
  ---
  duration_ms: 1.0701
  type: 'test'
  ...
# Subtest: content recipes replay for one world descriptor and redistribute for another without changing source ID formats
ok 389 - content recipes replay for one world descriptor and redistribute for another without changing source ID formats
  ---
  duration_ms: 105.5796
  type: 'test'
  ...
# Subtest: wide grass patches preserve Camp, routes, terrace and resource/creature feet
ok 390 - wide grass patches preserve Camp, routes, terrace and resource/creature feet
  ---
  duration_ms: 92.2999
  type: 'test'
  ...
# Subtest: alternate-world grass exclusions honor that world’s forage and wildlife placements
ok 391 - alternate-world grass exclusions honor that world’s forage and wildlife placements
  ---
  duration_ms: 10.4495
  type: 'test'
  ...
# Subtest: ordinary scenery keeps its attempt budget but emits no wet-footprint props
ok 392 - ordinary scenery keeps its attempt budget but emits no wet-footprint props
  ---
  duration_ms: 3.4851
  type: 'test'
  ...
# Subtest: coastal stone slots follow the dry contour, frame a central exit, and skip unavailable kit pieces
ok 393 - coastal stone slots follow the dry contour, frame a central exit, and skip unavailable kit pieces
  ---
  duration_ms: 83.8475
  type: 'test'
  ...
# Subtest: chunk recipes are deterministic, terrain-grounded, and habitat-dithered
ok 394 - chunk recipes are deterministic, terrain-grounded, and habitat-dithered
  ---
  duration_ms: 4.1733
  type: 'test'
  ...
# Subtest: regional scenery keeps legacy output at zero influence and makes the Sunscar witness sparse and treeless
ok 395 - regional scenery keeps legacy output at zero influence and makes the Sunscar witness sparse and treeless
  ---
  duration_ms: 55.81
  type: 'test'
  ...
# Subtest: ground-cover exclusions use the same injected province sample as regional forage
ok 396 - ground-cover exclusions use the same injected province sample as regional forage
  ---
  duration_ms: 2.9596
  type: 'test'
  ...
# Subtest: Heartwood circuit emits the exact fitted 28-piece table without changing old chunk recipes or gameplay homes
ok 397 - Heartwood circuit emits the exact fitted 28-piece table without changing old chunk recipes or gameplay homes
  ---
  duration_ms: 313.433
  type: 'test'
  ...
# Subtest: Heartwood circuit selection raises only the protected starter window and incremental cache output stays exact
ok 398 - Heartwood circuit selection raises only the protected starter window and incremental cache output stays exact
  ---
  duration_ms: 15792.2681
  type: 'test'
  ...
# Subtest: the curated north route keeps three west/north canopies and eight damp east details
ok 399 - the curated north route keeps three west/north canopies and eight damp east details
  ---
  duration_ms: 54.5607
  type: 'test'
  ...
# Subtest: Skybreak stages a supported supply thicket, cap-only cloudflowers, and three loose east descent stone groups
ok 400 - Skybreak stages a supported supply thicket, cap-only cloudflowers, and three loose east descent stone groups
  ---
  duration_ms: 558.0256
  type: 'test'
  ...
# Subtest: accepted scenery stays clear of forage, wildlife roaming, Camp apron, route, and terrace
ok 401 - accepted scenery stays clear of forage, wildlife roaming, Camp apron, route, and terrace
  ---
  duration_ms: 911.2624
  type: 'test'
  ...
# Subtest: residency selection enforces density, outer silhouettes, and stable center transitions
ok 402 - residency selection enforces density, outer silhouettes, and stable center transitions
  ---
  duration_ms: 1049.2784
  type: 'test'
  ...
# Subtest: default-world scenery and ground cover preserve the fixed Signal receiver and chest
ok 403 - default-world scenery and ground cover preserve the fixed Signal receiver and chest
  ---
  duration_ms: 810.1251
  type: 'test'
  ...
# Subtest: protected starter and staged Skybreak identities remain exact while finite outer geography stays bounded
ok 404 - protected starter and staged Skybreak identities remain exact while finite outer geography stays bounded
  ---
  duration_ms: 2075.1383
  type: 'test'
  ...
# Subtest: runtime ground cover leaves the staged crystal interaction clear using actual asset roles
ok 405 - runtime ground cover leaves the staged crystal interaction clear using actual asset roles
  ---
  duration_ms: 461.0419
  type: 'test'
  ...
# Subtest: scenery replaces physics and camera registrations only when terrain residency changes
ok 406 - scenery replaces physics and camera registrations only when terrain residency changes
  ---
  duration_ms: 35.737
  type: 'test'
  ...
# Subtest: a failed scenery construction retains the old resident and can retry the same snapshot
ok 407 - a failed scenery construction retains the old resident and can retry the same snapshot
  ---
  duration_ms: 26.2201
  type: 'test'
  ...
# Subtest: a failed physics replacement disposes the new visual and preserves the old resident for retry
ok 408 - a failed physics replacement disposes the new visual and preserves the old resident for retry
  ---
  duration_ms: 22.7615
  type: 'test'
  ...
# Subtest: upcoming scenery stays detached across budgeted frames and transfers exactly once at the matching boundary
ok 409 - upcoming scenery stays detached across budgeted frames and transfers exactly once at the matching boundary
  ---
  duration_ms: 27.3169
  type: 'test'
  ...
# Subtest: reversal and inactive retirement cancel partial or ready scenery without changing the published scene early
ok 410 - reversal and inactive retirement cancel partial or ready scenery without changing the published scene early
  ---
  duration_ms: 29.8056
  type: 'test'
  ...
# Subtest: a rejected prepared physics publication retires only its candidate and permits same-boundary retry
ok 411 - a rejected prepared physics publication retires only its candidate and permits same-boundary retry
  ---
  duration_ms: 25.1894
  type: 'test'
  ...
# Subtest: arriving early finishes the same partial visual instead of duplicating it or publishing an incomplete graph
ok 412 - arriving early finishes the same partial visual instead of duplicating it or publishing an incomplete graph
  ---
  duration_ms: 18.9903
  type: 'test'
  ...
# Subtest: speculative failure is suppressed for its prediction and ordinary boundary generation remains retryable
ok 413 - speculative failure is suppressed for its prediction and ordinary boundary generation remains retryable
  ---
  duration_ms: 21.1561
  type: 'test'
  ...
# Subtest: regional groundcover reduces density and warms tint within the same visual and collider owners
ok 414 - regional groundcover reduces density and warms tint within the same visual and collider owners
  ---
  duration_ms: 16.8977
  type: 'test'
  ...
# Subtest: Caldera ground patches are sparse low burnt tufts and carry their treatment through the cache key
ok 415 - Caldera ground patches are sparse low burnt tufts and carry their treatment through the cache key
  ---
  duration_ms: 5.2578
  type: 'test'
  ...
# Subtest: Fungal ground patches use the muted teal tone and keep that treatment in the cache identity
ok 416 - Fungal ground patches use the muted teal tone and keep that treatment in the cache identity
  ---
  duration_ms: 5.1833
  type: 'test'
  ...
# Subtest: scenery aligns external canopies and compact solid cores to world-space terrain surfaces
ok 417 - scenery aligns external canopies and compact solid cores to world-space terrain surfaces
  ---
  duration_ms: 23.0811
  type: 'test'
  ...
# Subtest: low scenery keeps authored parts in one owned draw beside instanced ground cover
ok 418 - low scenery keeps authored parts in one owned draw beside instanced ground cover
  ---
  duration_ms: 2.4028
  type: 'test'
  ...
# Subtest: per-build low assets preserve legacy world geometry attributes and stone surfaces
ok 419 - per-build low assets preserve legacy world geometry attributes and stone surfaces
  ---
  duration_ms: 3.963
  type: 'test'
  ...
# Subtest: negative render-cell batches have complete native frustum bounds and share one asset geometry
ok 420 - negative render-cell batches have complete native frustum bounds and share one asset geometry
  ---
  duration_ms: 3.4471
  type: 'test'
  ...
# Subtest: repeated render-cell batches retire instance buffers and shared asset geometry exactly once
ok 421 - repeated render-cell batches retire instance buffers and shared asset geometry exactly once
  ---
  duration_ms: 1.3449
  type: 'test'
  ...
# Subtest: temporary raw parts are disposed when local asset compilation fails
ok 422 - temporary raw parts are disposed when local asset compilation fails
  ---
  duration_ms: 1.7622
  type: 'test'
  ...
# Subtest: ground placement failure retires ground instance buffers exactly once
ok 423 - ground placement failure retires ground instance buffers exactly once
  ---
  duration_ms: 1.937
  type: 'test'
  ...
# Subtest: compiled geometry and a partial instance batch are released when matrix preparation fails
ok 424 - compiled geometry and a partial instance batch are released when matrix preparation fails
  ---
  duration_ms: 1.3859
  type: 'test'
  ...
# Subtest: admitted Skybreak flowers and trail stones stay in the existing nonsolid low-prop batch
ok 425 - admitted Skybreak flowers and trail stones stay in the existing nonsolid low-prop batch
  ---
  duration_ms: 1.2724
  type: 'test'
  ...
# Subtest: a regional bloom formation batches each local asset with only its two compact stone solids
ok 426 - a regional bloom formation batches each local asset with only its two compact stone solids
  ---
  duration_ms: 2.3929
  type: 'test'
  ...
# Subtest: staged ground cover is bounded and uses the injected terrain height
ok 427 - staged ground cover is bounded and uses the injected terrain height
  ---
  duration_ms: 3.2759
  type: 'test'
  ...
# Subtest: ground cover caps at 640 deterministic clusters in one instanced draw
ok 428 - ground cover caps at 640 deterministic clusters in one instanced draw
  ---
  duration_ms: 15.5706
  type: 'test'
  ...
# Subtest: runtime ground patch cache preserves capped output and reuses complete overlapping patches
ok 429 - runtime ground patch cache preserves capped output and reuses complete overlapping patches
  ---
  duration_ms: 25.8036
  type: 'test'
  ...
# Subtest: ground patch cache is bounded, prunable, and rejects changed owner/world contracts
ok 430 - ground patch cache is bounded, prunable, and rejects changed owner/world contracts
  ---
  duration_ms: 4.4352
  type: 'test'
  ...
# Subtest: failed ground preparation does not publish a partial cache entry
ok 431 - failed ground preparation does not publish a partial cache entry
  ---
  duration_ms: 1.4009
  type: 'test'
  ...
# Subtest: incremental visual job matches synchronous output and transfers result ownership
ok 432 - incremental visual job matches synchronous output and transfers result ownership
  ---
  duration_ms: 2.2375
  type: 'test'
  ...
# Subtest: incremental visual cancellation retires partially accumulated resources exactly once
ok 433 - incremental visual cancellation retires partially accumulated resources exactly once
  ---
  duration_ms: 1.02
  type: 'test'
  ...
# Subtest: dense infill cannot displace established ordinary or whole-place ground dressing
ok 434 - dense infill cannot displace established ordinary or whole-place ground dressing
  ---
  duration_ms: 10.343
  type: 'test'
  ...
# Subtest: injected ground-cover policy can exclude a whole patch without affecting low props
ok 435 - injected ground-cover policy can exclude a whole patch without affecting low props
  ---
  duration_ms: 1.1286
  type: 'test'
  ...
# Subtest: disposal releases owned low resources without destroying the shared canopy template
ok 436 - disposal releases owned low resources without destroying the shared canopy template
  ---
  duration_ms: 1.2686
  type: 'test'
  ...
# Subtest: nearby shadow coverage follows travel and elevation without changing the sun direction
ok 437 - nearby shadow coverage follows travel and elevation without changing the sun direction
  ---
  duration_ms: 3.2329
  type: 'test'
  ...
# Subtest: ordinary, reserved and coastal terrain publish the same finite habitat identity as their region owner
ok 438 - ordinary, reserved and coastal terrain publish the same finite habitat identity as their region owner
  ---
  duration_ms: 15.2569
  type: 'test'
  ...
# Subtest: chunk ownership floors negative coordinates and keys are stable
ok 439 - chunk ownership floors negative coordinates and keys are stable
  ---
  duration_ms: 0.2927
  type: 'test'
  ...
# Subtest: positive and negative chunk seams share coherent heights, normals, and colors
ok 440 - positive and negative chunk seams share coherent heights, normals, and colors
  ---
  duration_ms: 386.5486
  type: 'test'
  ...
# Subtest: world descriptors preserve the default terrain and alternate seeds stay seamless
ok 441 - world descriptors preserve the default terrain and alternate seeds stay seamless
  ---
  duration_ms: 172.2582
  type: 'test'
  ...
# Subtest: height-only sampling is strictly identical across ordinary seeds, Camp, coast, ocean, and negative coordinates
ok 442 - height-only sampling is strictly identical across ordinary seeds, Camp, coast, ocean, and negative coordinates
  ---
  duration_ms: 3.5185
  type: 'test'
  ...
# Subtest: height-only sampling preserves exact detailed Skybreak corners, triangles, and seam curves
ok 443 - height-only sampling preserves exact detailed Skybreak corners, triangles, and seam curves
  ---
  duration_ms: 7.2249
  type: 'test'
  ...
# Subtest: camp boundary honors callback and blends smoothly outside the footprint
ok 444 - camp boundary honors callback and blends smoothly outside the footprint
  ---
  duration_ms: 0.4418
  type: 'test'
  ...
# Subtest: camp callback preserves finite negative and raised heights
ok 445 - camp callback preserves finite negative and raised heights
  ---
  duration_ms: 0.2946
  type: 'test'
  ...
# Subtest: rolling transition leaves authored Camp samples exact
ok 446 - rolling transition leaves authored Camp samples exact
  ---
  duration_ms: 1.1431
  type: 'test'
  ...
# Subtest: rolling transition preserves the established north terrace heights and colors
ok 447 - rolling transition preserves the established north terrace heights and colors
  ---
  duration_ms: 0.9756
  type: 'test'
  ...
# Subtest: Skybreak surface kinds add bounded placement semantics without changing terrain numerics
ok 448 - Skybreak surface kinds add bounded placement semantics without changing terrain numerics
  ---
  duration_ms: 1.4417
  type: 'test'
  ...
# Subtest: rolling color cue distinguishes the framed dry rise and wet bowl without replacing terrain state
ok 449 - rolling color cue distinguishes the framed dry rise and wet bowl without replacing terrain state
  ---
  duration_ms: 0.3072
  type: 'test'
  ...
# Subtest: the authored Sunscar Desert changes broad height and palette through the shared terrain sample
ok 450 - the authored Sunscar Desert changes broad height and palette through the shared terrain sample
  ---
  duration_ms: 0.3624
  type: 'test'
  ...
# Subtest: a cross-section through the allocated Sunscar Desert retains multiple asymmetric ribs
ok 451 - a cross-section through the allocated Sunscar Desert retains multiple asymmetric ribs
  ---
  duration_ms: 1.7444
  type: 'test'
  ...
# Subtest: the new south-facing Sunscar approach has a raised, moderately graded near flank
ok 452 - the new south-facing Sunscar approach has a raised, moderately graded near flank
  ---
  duration_ms: 0.4115
  type: 'test'
  ...
# Subtest: province metadata does not reuse the authored section regionId field
ok 453 - province metadata does not reuse the authored section regionId field
  ---
  duration_ms: 0.3944
  type: 'test'
  ...
# Subtest: both staged Mossling clearings and the northbound route remain safely graded
ok 454 - both staged Mossling clearings and the northbound route remain safely graded
  ---
  duration_ms: 30.5206
  type: 'test'
  ...
# Subtest: Heartwood banks stay finite, neutral in alternate worlds, and level at full source/home support disks
ok 455 - Heartwood banks stay finite, neutral in alternate worlds, and level at full source/home support disks
  ---
  duration_ms: 0.5138
  type: 'test'
  ...
# Subtest: mesh vertices, normals and colors are finite and repeatable
ok 456 - mesh vertices, normals and colors are finite and repeatable
  ---
  duration_ms: 94.9876
  type: 'test'
  ...
# Subtest: Skybreak detail uses bounded variable grids and the public query matches its actual triangles
ok 457 - Skybreak detail uses bounded variable grids and the public query matches its actual triangles
  ---
  duration_ms: 2019.7122
  type: 'test'
  ...
# Subtest: Skybreak detailed edges follow each neighbor actual curve including the preserved terrace breakpoint
ok 458 - Skybreak detailed edges follow each neighbor actual curve including the preserved terrace breakpoint
  ---
  duration_ms: 3209.8761
  type: 'test'
  ...
# Subtest: rocky terrace uses a bounded deterministic mesh while preserving every chunk border
ok 459 - rocky terrace uses a bounded deterministic mesh while preserving every chunk border
  ---
  duration_ms: 614.9877
  type: 'test'
  ...
# Subtest: left terrace ramp is broad and gentle while south and right lips remain real cliffs
ok 460 - left terrace ramp is broad and gentle while south and right lips remain real cliffs
  ---
  duration_ms: 1.0594
  type: 'test'
  ...
# Subtest: ramp crown joins the grassy shelf without an analytic trough
ok 461 - ramp crown joins the grassy shelf without an analytic trough
  ---
  duration_ms: 0.605
  type: 'test'
  ...
# Subtest: Rapier walks the ramp grounded, then a south-lip step becomes airborne and lands below
ok 462 - Rapier walks the ramp grounded, then a south-lip step becomes airborne and lands below
  ---
  duration_ms: 151.8922
  type: 'test'
  ...
# Subtest: center support keeps a real Rapier 40 degree incline walkable
ok 463 - center support keeps a real Rapier 40 degree incline walkable
  ---
  duration_ms: 8.6638
  type: 'test'
  ...
# Subtest: far chunks use a bounded global color grid with accurate Sunscar ribs
ok 464 - far chunks use a bounded global color grid with accurate Sunscar ribs
  ---
  duration_ms: 58.9728
  type: 'test'
  ...
# Subtest: neighbor chunks interpolate identical colors along shared positive and negative edges
ok 465 - neighbor chunks interpolate identical colors along shared positive and negative edges
  ---
  duration_ms: 57.306
  type: 'test'
  ...
# Subtest: reserve and ecotone chunks fall back to exact color samples
ok 466 - reserve and ecotone chunks fall back to exact color samples
  ---
  duration_ms: 22.5486
  type: 'test'
  ...
# Subtest: high regional colors remain finite and within the analytical error bound
ok 467 - high regional colors remain finite and within the analytical error bound
  ---
  duration_ms: 26.5672
  type: 'test'
  ...
# Subtest: invalid construction is rejected explicitly
ok 468 - invalid construction is rejected explicitly
  ---
  duration_ms: 0.9487
  type: 'test'
  ...
# Subtest: wildlife rejects a home whose complete movement disk reaches the wet margin
ok 469 - wildlife rejects a home whose complete movement disk reaches the wet margin
  ---
  duration_ms: 2.8701
  type: 'test'
  ...
# Subtest: starter wildlife keeps the first two Mossling identities and adds stable side encounters
ok 470 - starter wildlife keeps the first two Mossling identities and adds stable side encounters
  ---
  duration_ms: 14.0234
  type: 'test'
  ...
# Subtest: generated side encounters deliberately match shipped catalog behavior
ok 471 - generated side encounters deliberately match shipped catalog behavior
  ---
  duration_ms: 3.5945
  type: 'test'
  ...
# Subtest: regional wildlife preserves zero-influence Mosslings and gives the Sunscar witness one bounded signature
ok 472 - regional wildlife preserves zero-influence Mosslings and gives the Sunscar witness one bounded signature
  ---
  duration_ms: 4.9764
  type: 'test'
  ...
# Subtest: regional wildlife rejects an intersecting full home disk and retries outside the whole bloom
ok 473 - regional wildlife rejects an intersecting full home disk and retries outside the whole bloom
  ---
  duration_ms: 4.5147
  type: 'test'
  ...
# Subtest: Caldera admits one stable territorial Emberhorn on its complete supported bowl disk
ok 474 - Caldera admits one stable territorial Emberhorn on its complete supported bowl disk
  ---
  duration_ms: 22.7596
  type: 'test'
  ...
# Subtest: Caldera encounter fails closed, replaces broad generic wildlife, and keeps the fixed core unique
ok 475 - Caldera encounter fails closed, replaces broad generic wildlife, and keeps the fixed core unique
  ---
  duration_ms: 10.8325
  type: 'test'
  ...
# Subtest: Caldera fixed Emberhorn wins residency and stays absent after capture
ok 476 - Caldera fixed Emberhorn wins residency and stays absent after capture
  ---
  duration_ms: 40.0049
  type: 'test'
  ...
# Subtest: Fungal Hollow admits one exact aggressive Thornprowler on its full supported home disk
ok 477 - Fungal Hollow admits one exact aggressive Thornprowler on its full supported home disk
  ---
  duration_ms: 22.7408
  type: 'test'
  ...
# Subtest: Thornprowler exact-asset admission fails closed on aliases, recipe drift, and unsafe support
ok 478 - Thornprowler exact-asset admission fails closed on aliases, recipe drift, and unsafe support
  ---
  duration_ms: 1.1763
  type: 'test'
  ...
# Subtest: ordinary wildlife movement disks remain outside the complete Fungal outing
ok 479 - ordinary wildlife movement disks remain outside the complete Fungal outing
  ---
  duration_ms: 1.0607
  type: 'test'
  ...
# Subtest: Fungal resident priority loads the Thornprowler once and normal retirement restores the same origin
ok 480 - Fungal resident priority loads the Thornprowler once and normal retirement restores the same origin
  ---
  duration_ms: 48.514
  type: 'test'
  ...
# Subtest: Rootbound admits one exact, cadence-correct Trailgloam source without changing Mossling identities
ok 481 - Rootbound admits one exact, cadence-correct Trailgloam source without changing Mossling identities
  ---
  duration_ms: 30.303
  type: 'test'
  ...
# Subtest: Rootbound Trailgloam fails closed for alternate worlds, recipe drift, and unsafe home support
ok 482 - Rootbound Trailgloam fails closed for alternate worlds, recipe drift, and unsafe home support
  ---
  duration_ms: 10.7838
  type: 'test'
  ...
# Subtest: Rootbound Trailgloam has one stable resident across ordinary stream retirement
ok 483 - Rootbound Trailgloam has one stable resident across ordinary stream retirement
  ---
  duration_ms: 39.7978
  type: 'test'
  ...
# Subtest: runtime bounds live sources, retires unloaded chunks, and never restores a captured source
ok 484 - runtime bounds live sources, retires unloaded chunks, and never restores a captured source
  ---
  duration_ms: 12.3804
  type: 'test'
  ...
# Subtest: runtime does not exceed the four generated-resident cap
ok 485 - runtime does not exceed the four generated-resident cap
  ---
  duration_ms: 2.5105
  type: 'test'
  ...
# Subtest: runtime admits at most one ordinary regional signature while retaining lower-draw neighbors
ok 486 - runtime admits at most one ordinary regional signature while retaining lower-draw neighbors
  ---
  duration_ms: 2.4043
  type: 'test'
  ...
# Subtest: staged animals replace a lower-priority random resident when their chunk enters residency
ok 487 - staged animals replace a lower-priority random resident when their chunk enters residency
  ---
  duration_ms: 4.2318
  type: 'test'
  ...
# Subtest: a chunk fills its remaining stable source when a cap slot later opens
ok 488 - a chunk fills its remaining stable source when a cap slot later opens
  ---
  duration_ms: 3.1873
  type: 'test'
  ...
# Subtest: generated creature retirement disposes only generated residents and reset retains authored lifecycle
ok 489 - generated creature retirement disposes only generated residents and reset retains authored lifecycle
  ---
  duration_ms: 33.0561
  type: 'test'
  ...
# Subtest: staged Mossling flee remains autonomous but turns back at its local boundary
ok 490 - staged Mossling flee remains autonomous but turns back at its local boundary
  ---
  duration_ms: 12.681
  type: 'test'
  ...
# Subtest: Skybreak crown has one stable ordinary-expression Mossling with a supported home
ok 491 - Skybreak crown has one stable ordinary-expression Mossling with a supported home
  ---
  duration_ms: 82.8324
  type: 'test'
  ...
# Subtest: Skybreak crown Mossling flees toward the cliff only to its supported return boundary
ok 492 - Skybreak crown Mossling flees toward the cliff only to its supported return boundary
  ---
  duration_ms: 27.9668
  type: 'test'
  ...
# Subtest: Skybreak crown source participates in bounded neighbor selection and stays absent after capture
ok 493 - Skybreak crown source participates in bounded neighbor selection and stays absent after capture
  ---
  duration_ms: 53.4408
  type: 'test'
  ...
# Subtest: world descriptors detach mutable input and reject unsupported generator identities
ok 494 - world descriptors detach mutable input and reject unsupported generator identities
  ---
  duration_ms: 1.922
  type: 'test'
  ...
# Subtest: independent seed domains replay without a shared random cursor and retain default salts
ok 495 - independent seed domains replay without a shared random cursor and retain default salts
  ---
  duration_ms: 0.3069
  type: 'test'
  ...
# Subtest: saved generation identity stays immutable across atlas and ecology commits, reload, import and clear
ok 496 - saved generation identity stays immutable across atlas and ecology commits, reload, import and clear
  ---
  duration_ms: 10.8766
  type: 'test'
  ...
# Subtest: foreign or mismatched saved worlds and failed writes cannot replace current discoveries or identity
ok 497 - foreign or mismatched saved worlds and failed writes cannot replace current discoveries or identity
  ---
  duration_ms: 3.3313
  type: 'test'
  ...
# Subtest: auto and held manual deplete tree, rock and fiber without collecting any earlier drop
ok 498 - auto and held manual deplete tree, rock and fiber without collecting any earlier drop
  ---
  duration_ms: 295.2079
  type: 'test'
  ...
# Subtest: scaled rotated visual-asset ore remains targetable after an uncollected hit
ok 499 - scaled rotated visual-asset ore remains targetable after an uncollected hit
  ---
  duration_ms: 2.8608
  type: 'test'
  ...
# Subtest: full pack and failed writes never stop depletion or discard hit/bonus rewards; collection retries once space returns
ok 500 - full pack and failed writes never stop depletion or discard hit/bonus rewards; collection retries once space returns
  ---
  duration_ms: 9.1244
  type: 'test'
  ...
# Subtest: distant ordinary drops remain on the ground until approached, independent of source reach
ok 501 - distant ordinary drops remain on the ground until approached, independent of source reach
  ---
  duration_ms: 9.9234
  type: 'test'
  ...
# Subtest: literal owner reload preserves committed partial pickups, rebuilds ordinary nodes and never banks uncollected drops
ok 502 - literal owner reload preserves committed partial pickups, rebuilds ordinary nodes and never banks uncollected drops
  ---
  duration_ms: 18.4392
  type: 'test'
  ...
# Subtest: Phase 2 — resource types & config
    # Subtest: harvestRadius 1.5-1.8
    ok 1 - harvestRadius 1.5-1.8
      ---
      duration_ms: 1.4324
      type: 'test'
      ...
    # Subtest: maxTargetsPerSwing 3-4
    ok 2 - maxTargetsPerSwing 3-4
      ---
      duration_ms: 0.1903
      type: 'test'
      ...
    # Subtest: swingInterval 0.48-0.60
    ok 3 - swingInterval 0.48-0.60
      ---
      duration_ms: 0.1769
      type: 'test'
      ...
    # Subtest: impact time 0.45-0.60
    ok 4 - impact time 0.45-0.60
      ---
      duration_ms: 0.2695
      type: 'test'
      ...
    # Subtest: pickupMagnetRadius 2.0-2.8
    ok 5 - pickupMagnetRadius 2.0-2.8
      ---
      duration_ms: 1.2779
      type: 'test'
      ...
    # Subtest: tree 5 chunks rock 4 fiber 3
    ok 6 - tree 5 chunks rock 4 fiber 3
      ---
      duration_ms: 0.2769
      type: 'test'
      ...
    # Subtest: respawn times tree 15-20 rock 15-20 fiber 10-15
    ok 7 - respawn times tree 15-20 rock 15-20 fiber 10-15
      ---
      duration_ms: 0.2855
      type: 'test'
      ...
    # Subtest: harvest compatible modes IDLE SNEAK WALK RUN only
    ok 8 - harvest compatible modes IDLE SNEAK WALK RUN only
      ---
      duration_ms: 0.3639
      type: 'test'
      ...
    # Subtest: tree/rock solid true fiber non-solid
    ok 9 - tree/rock solid true fiber non-solid
      ---
      duration_ms: 0.4676
      type: 'test'
      ...
    1..9
ok 503 - Phase 2 — resource types & config
  ---
  duration_ms: 6.8553
  type: 'suite'
  ...
# Subtest: Phase 2 — node hits and degradation
    # Subtest: READY hit reduces exactly one chunk
    ok 1 - READY hit reduces exactly one chunk
      ---
      duration_ms: 0.4671
      type: 'test'
      ...
    # Subtest: every successful hit creates exactly one yield event
    ok 2 - every successful hit creates exactly one yield event
      ---
      duration_ms: 0.1748
      type: 'test'
      ...
    # Subtest: final hit enters RESPAWNING
    ok 3 - final hit enters RESPAWNING
      ---
      duration_ms: 0.1656
      type: 'test'
      ...
    # Subtest: depleted nodes cannot be hit
    ok 4 - depleted nodes cannot be hit
      ---
      duration_ms: 0.1384
      type: 'test'
      ...
    # Subtest: respawn resets chunks/state
    ok 5 - respawn resets chunks/state
      ---
      duration_ms: 0.188
      type: 'test'
      ...
    # Subtest: respawn timer progression correct
    ok 6 - respawn timer progression correct
      ---
      duration_ms: 0.22
      type: 'test'
      ...
    1..6
ok 504 - Phase 2 — node hits and degradation
  ---
  duration_ms: 1.7682
  type: 'suite'
  ...
# Subtest: Phase 2 — multi-target selection
    # Subtest: nearest eligible nodes selected
    ok 1 - nearest eligible nodes selected
      ---
      duration_ms: 0.8185
      type: 'test'
      ...
    # Subtest: outside-radius nodes excluded
    ok 2 - outside-radius nodes excluded
      ---
      duration_ms: 0.1984
      type: 'test'
      ...
    # Subtest: target cap respected
    ok 3 - target cap respected
      ---
      duration_ms: 0.2943
      type: 'test'
      ...
    # Subtest: depleted nodes excluded
    ok 4 - depleted nodes excluded
      ---
      duration_ms: 0.1616
      type: 'test'
      ...
    # Subtest: incompatible player state yields no targets
    ok 5 - incompatible player state yields no targets
      ---
      duration_ms: 0.1559
      type: 'test'
      ...
    # Subtest: halo eligibility matches harvest eligibility (same selectTargets)
    ok 6 - halo eligibility matches harvest eligibility (same selectTargets)
      ---
      duration_ms: 1.1918
      type: 'test'
      ...
    1..6
ok 505 - Phase 2 — multi-target selection
  ---
  duration_ms: 3.1283
  type: 'suite'
  ...
# Subtest: Phase 2 — pickups/inventory
    # Subtest: pickup collected once only
    ok 1 - pickup collected once only
      ---
      duration_ms: 0.2792
      type: 'test'
      ...
    # Subtest: inventory increments only on collection
    ok 2 - inventory increments only on collection
      ---
      duration_ms: 0.1496
      type: 'test'
      ...
    # Subtest: correct resource count increments
    ok 3 - correct resource count increments
      ---
      duration_ms: 0.167
      type: 'test'
      ...
    # Subtest: run inventory resets
    ok 4 - run inventory resets
      ---
      duration_ms: 0.19
      type: 'test'
      ...
    1..4
ok 506 - Phase 2 — pickups/inventory
  ---
  duration_ms: 0.9981
  type: 'suite'
  ...
# Subtest: Phase 2 — timing / swing cadence
    # Subtest: one swing creates one impact event
    ok 1 - one swing creates one impact event
      ---
      duration_ms: 0.501
      type: 'test'
      ...
    # Subtest: holding near target does not hit every frame
    ok 2 - holding near target does not hit every frame
      ---
      duration_ms: 0.1794
      type: 'test'
      ...
    # Subtest: cadence deterministic under fixed-step updates
    ok 3 - cadence deterministic under fixed-step updates
      ---
      duration_ms: 1.3735
      type: 'test'
      ...
    # Subtest: harvesting blocked during incompatible states even with targets
    ok 4 - harvesting blocked during incompatible states even with targets
      ---
      duration_ms: 0.1983
      type: 'test'
      ...
    1..4
ok 507 - Phase 2 — timing / swing cadence
  ---
  duration_ms: 2.476
  type: 'suite'
  ...
# Subtest: Phase 2.1 — 3D harvest eligibility
    # Subtest: uses true 3D distance not XZ only
    ok 1 - uses true 3D distance not XZ only
      ---
      duration_ms: 1.6121
      type: 'test'
      ...
    # Subtest: vertical separation excludes target beyond radius
    ok 2 - vertical separation excludes target beyond radius
      ---
      duration_ms: 0.4296
      type: 'test'
      ...
    # Subtest: selectTargets sorts by 3D distance and respects cap
    ok 3 - selectTargets sorts by 3D distance and respects cap
      ---
      duration_ms: 0.4916
      type: 'test'
      ...
    # Subtest: harvest radius via interactionHeight matches halo eligibility
    ok 4 - harvest radius via interactionHeight matches halo eligibility
      ---
      duration_ms: 1.3165
      type: 'test'
      ...
    1..4
ok 508 - Phase 2.1 — 3D harvest eligibility
  ---
  duration_ms: 5.404
  type: 'suite'
  ...
# Subtest: Phase 2.1 — stationary speed gating
    # Subtest: speed above threshold blocks harvesting
    ok 1 - speed above threshold blocks harvesting
      ---
      duration_ms: 0.3099
      type: 'test'
      ...
    # Subtest: speed below threshold permits harvesting
    ok 2 - speed below threshold permits harvesting
      ---
      duration_ms: 0.3286
      type: 'test'
      ...
    # Subtest: tickSwing blocked when not compatible or moving
    ok 3 - tickSwing blocked when not compatible or moving
      ---
      duration_ms: 0.5102
      type: 'test'
      ...
    1..3
ok 509 - Phase 2.1 — stationary speed gating
  ---
  duration_ms: 1.724
  type: 'suite'
  ...
# Subtest: Phase 2.1 — Auto Harvest toggle
    # Subtest: OFF blocks targets/swings
    ok 1 - OFF blocks targets/swings
      ---
      duration_ms: 0.4299
      type: 'test'
      ...
    # Subtest: OFF hides halos (same as no eligible)
    ok 2 - OFF hides halos (same as no eligible)
      ---
      duration_ms: 0.3523
      type: 'test'
      ...
    # Subtest: Auto OFF blocks swing impact even with targets
    ok 3 - Auto OFF blocks swing impact even with targets
      ---
      duration_ms: 0.4184
      type: 'test'
      ...
    1..3
ok 510 - Phase 2.1 — Auto Harvest toggle
  ---
  duration_ms: 1.5197
  type: 'suite'
  ...
# Subtest: Phase 2.1 — depletion / collider lifecycle
    # Subtest: remnant collider is null for all solid types (depleted non-solid)
    ok 1 - remnant collider is null for all solid types (depleted non-solid)
      ---
      duration_ms: 0.2054
      type: 'test'
      ...
    # Subtest: isPlayerInsideColliderVolume detects occupation
    ok 2 - isPlayerInsideColliderVolume detects occupation
      ---
      duration_ms: 0.3577
      type: 'test'
      ...
    # Subtest: safe collider restoration defers if occupied (pure check)
    ok 3 - safe collider restoration defers if occupied (pure check)
      ---
      duration_ms: 0.202
      type: 'test'
      ...
    1..3
ok 511 - Phase 2.1 — depletion / collider lifecycle
  ---
  duration_ms: 0.9277
  type: 'suite'
  ...
# Subtest: Phase 2.1 — respawn indicator
    # Subtest: visibility uses 3D proximity ~4.0 radius
    ok 1 - visibility uses 3D proximity ~4.0 radius
      ---
      duration_ms: 0.2384
      type: 'test'
      ...
    # Subtest: progress continues while indicator hidden (tickRespawn independent)
    ok 2 - progress continues while indicator hidden (tickRespawn independent)
      ---
      duration_ms: 0.3525
      type: 'test'
      ...
    1..2
ok 512 - Phase 2.1 — respawn indicator
  ---
  duration_ms: 0.8165
  type: 'suite'
  ...
# Subtest: Phase 2.1 — elevated pickup/particle spawn Y
    # Subtest: tree dropOrigin includes node Y
    ok 1 - tree dropOrigin includes node Y
      ---
      duration_ms: 0.3036
      type: 'test'
      ...
    # Subtest: rock/fiber offsets are defined
    ok 2 - rock/fiber offsets are defined
      ---
      duration_ms: 0.2079
      type: 'test'
      ...
    1..2
ok 513 - Phase 2.1 — elevated pickup/particle spawn Y
  ---
  duration_ms: 0.6902
  type: 'suite'
  ...
# Subtest: Phase 2.1 — pickup motion config
    # Subtest: horizontal launch reduced, upward increased into target ranges
    ok 1 - horizontal launch reduced, upward increased into target ranges
      ---
      duration_ms: 0.2679
      type: 'test'
      ...
    # Subtest: harvestMaxHorizontalSpeed is 0.25
    ok 2 - harvestMaxHorizontalSpeed is 0.25
      ---
      duration_ms: 0.1548
      type: 'test'
      ...
    1..2
ok 514 - Phase 2.1 — pickup motion config
  ---
  duration_ms: 0.5927
  type: 'suite'
  ...
# Subtest: Phase 2.1 — resource scale enlarged
    # Subtest: tree collider enlarged ~1.6x vs original 0.34/0.55 (low trunk)
    ok 1 - tree collider enlarged ~1.6x vs original 0.34/0.55 (low trunk)
      ---
      duration_ms: 0.2534
      type: 'test'
      ...
    # Subtest: rock collider enlarged
    ok 2 - rock collider enlarged
      ---
      duration_ms: 0.1767
      type: 'test'
      ...
    1..2
ok 515 - Phase 2.1 — resource scale enlarged
  ---
  duration_ms: 0.5975
  type: 'suite'
  ...
# Subtest: Phase 2.1 — pooling / bounded behavior (pure logic)
    # Subtest: active counts stay bounded via MAX_ACTIVE (checked via config)
    ok 1 - active counts stay bounded via MAX_ACTIVE (checked via config)
      ---
      duration_ms: 0.5657
      type: 'test'
      ...
    1..1
ok 516 - Phase 2.1 — pooling / bounded behavior (pure logic)
  ---
  duration_ms: 0.7475
  type: 'suite'
  ...
# Subtest: Phase 2.2 — pickup chunky size
    # Subtest: wood cube ~0.40-0.44
    ok 1 - wood cube ~0.40-0.44
      ---
      duration_ms: 1.3184
      type: 'test'
      ...
    # Subtest: stone radius ~0.30-0.34
    ok 2 - stone radius ~0.30-0.34
      ---
      duration_ms: 0.2264
      type: 'test'
      ...
    # Subtest: fiber radius ~0.27-0.30
    ok 3 - fiber radius ~0.27-0.30
      ---
      duration_ms: 0.1689
      type: 'test'
      ...
    # Subtest: glow scaled proportionally
    ok 4 - glow scaled proportionally
      ---
      duration_ms: 0.3011
      type: 'test'
      ...
    # Subtest: rest height and collection radius account for new size
    ok 5 - rest height and collection radius account for new size
      ---
      duration_ms: 0.1833
      type: 'test'
      ...
    # Subtest: spawn margin defined and pickupRadius matches
    ok 6 - spawn margin defined and pickupRadius matches
      ---
      duration_ms: 0.1602
      type: 'test'
      ...
    1..6
ok 517 - Phase 2.2 — pickup chunky size
  ---
  duration_ms: 4.0957
  type: 'suite'
  ...
# Subtest: Phase 2.2 — pickup spawn clearance outside source collider
    # Subtest: clearance = extent + radius + margin, no 0.55 multiplication
    ok 1 - clearance = extent + radius + margin, no 0.55 multiplication
      ---
      duration_ms: 0.4505
      type: 'test'
      ...
    # Subtest: pickup stores source collider handle
    ok 2 - pickup stores source collider handle
      ---
      duration_ms: 12.7849
      type: 'test'
      ...
    # Subtest: collected pickup never returns to RESTING/MAGNETIZING
    ok 3 - collected pickup never returns to RESTING/MAGNETIZING
      ---
      duration_ms: 2.013
      type: 'test'
      ...
    1..3
ok 518 - Phase 2.2 — pickup spawn clearance outside source collider
  ---
  duration_ms: 15.8918
  type: 'suite'
  ...
# Subtest: Phase 2.2 — horizontal sweep
    # Subtest: total yaw sweep >=2.0 rad
    ok 1 - total yaw sweep >=2.0 rad
      ---
      duration_ms: 0.3351
      type: 'test'
      ...
    # Subtest: dominant configured sweep is yaw
    ok 2 - dominant configured sweep is yaw
      ---
      duration_ms: 0.1921
      type: 'test'
      ...
    # Subtest: field tool trail uses player-space arc / afterimages not collapsed into current tool transform
    ok 3 - field tool trail uses player-space arc / afterimages not collapsed into current tool transform
      ---
      duration_ms: 16.5518
      type: 'test'
      ...
    # Subtest: whoosh fires once before impact and is configured
    ok 4 - whoosh fires once before impact and is configured
      ---
      duration_ms: 0.4223
      type: 'test'
      ...
    1..4
ok 519 - Phase 2.2 — horizontal sweep
  ---
  duration_ms: 17.787
  type: 'suite'
  ...
# Subtest: Phase 2.2 — tree proportions
    # Subtest: trunk shorter than Phase 2.1 1.45 and within 0.45-0.55 low canopy
    ok 1 - trunk shorter than Phase 2.1 1.45 and within 0.45-0.55 low canopy
      ---
      duration_ms: 0.2381
      type: 'test'
      ...
    # Subtest: trunk center Y 0.23-0.28
    ok 2 - trunk center Y 0.23-0.28
      ---
      duration_ms: 0.1233
      type: 'test'
      ...
    # Subtest: trunk thicker than before
    ok 3 - trunk thicker than before
      ---
      duration_ms: 0.1017
      type: 'test'
      ...
    # Subtest: foliage starts lower: interaction/drop lower than 2.1
    ok 4 - foliage starts lower: interaction/drop lower than 2.1
      ---
      duration_ms: 0.1349
      type: 'test'
      ...
    # Subtest: canopy broader and still large
    ok 5 - canopy broader and still large
      ---
      duration_ms: 0.0994
      type: 'test'
      ...
    1..5
ok 520 - Phase 2.2 — tree proportions
  ---
  duration_ms: 0.9071
  type: 'suite'
  ...
# Subtest: Heartwood opening composition is prefix-only, ordered, idempotent, and generated-world synchronized
ok 521 - Heartwood opening composition is prefix-only, ordered, idempotent, and generated-world synchronized
  ---
  duration_ms: 1160.4533
  type: 'test'
  ...
# Subtest: Heartwood opening keeps complete support, honest trunk collision, clear lanes and prior footprints
ok 522 - Heartwood opening keeps complete support, honest trunk collision, clear lanes and prior footprints
  ---
  duration_ms: 136.4433
  type: 'test'
  ...
# Subtest: travel and extraction remain usable beside incidental wildlife, while deliberate taming stays actionable
ok 523 - travel and extraction remain usable beside incidental wildlife, while deliberate taming stays actionable
  ---
  duration_ms: 1.4126
  type: 'test'
  ...
# Subtest: an occluded or offscreen priority target does not suppress a visible reachable action
ok 524 - an occluded or offscreen priority target does not suppress a visible reachable action
  ---
  duration_ms: 0.2868
  type: 'test'
  ...
# Subtest: climb entry respects visible Camp priorities while letting go always stays available
ok 525 - climb entry respects visible Camp priorities while letting go always stays available
  ---
  duration_ms: 0.3482
  type: 'test'
  ...
# Subtest: physical transfer revalidates access and leaves both containers untouched on save failure
ok 526 - physical transfer revalidates access and leaves both containers untouched on save failure
  ---
  duration_ms: 3.8461
  type: 'test'
  ...
# Subtest: pickup acceptance and milestone receipt commit together and retain unaccepted quantities
ok 527 - pickup acceptance and milestone receipt commit together and retain unaccepted quantities
  ---
  duration_ms: 0.487
  type: 'test'
  ...
# Subtest: one chosen physical crafting source and output share a single durable commit
ok 528 - one chosen physical crafting source and output share a single durable commit
  ---
  duration_ms: 1.3169
  type: 'test'
  ...
# Subtest: same-container split preserves ownership and legacy delivery cannot receive new deposits
ok 529 - same-container split preserves ownership and legacy delivery cannot receive new deposits
  ---
  duration_ms: 0.5607
  type: 'test'
  ...
# Subtest: split UI request uses the authoritative transfer and conserves both stacks
ok 530 - split UI request uses the authoritative transfer and conserves both stacks
  ---
  duration_ms: 4.4482
  type: 'test'
  ...
# Subtest: split rejects full containers, stale stacks, fractional and whole-stack quantities
ok 531 - split rejects full containers, stale stacks, fractional and whole-stack quantities
  ---
  duration_ms: 0.2699
  type: 'test'
  ...
# Subtest: keyboard navigation retains four-column moves and clamps upgraded container ends
ok 532 - keyboard navigation retains four-column moves and clamps upgraded container ends
  ---
  duration_ms: 0.3644
  type: 'test'
  ...
# Subtest: touch drag preview is centered above the finger and stays inside the visible viewport
ok 533 - touch drag preview is centered above the finger and stays inside the visible viewport
  ---
  duration_ms: 0.4296
  type: 'test'
  ...
# Subtest: mouse preview keeps the existing cursor offset
ok 534 - mouse preview keeps the existing cursor offset
  ---
  duration_ms: 0.3078
  type: 'test'
  ...
# Subtest: scroll guidance appears only for overflow and points back at the end
ok 535 - scroll guidance appears only for overflow and points back at the end
  ---
  duration_ms: 0.1962
  type: 'test'
  ...
# Subtest: withdraw-only supplies admit explicit taking but reject deposits, rearrangement and split
ok 536 - withdraw-only supplies admit explicit taking but reject deposits, rearrangement and split
  ---
  duration_ms: 0.6183
  type: 'test'
  ...
# Subtest: capacity-aware pickups fill partial stacks and retain rejected quantity without mutation
ok 537 - capacity-aware pickups fill partial stacks and retain rejected quantity without mutation
  ---
  duration_ms: 2.5236
  type: 'test'
  ...
# Subtest: transfer/merge/split/swap and failed drops conserve physical items
ok 538 - transfer/merge/split/swap and failed drops conserve physical items
  ---
  duration_ms: 1.0358
  type: 'test'
  ...
# Subtest: sort merges fragmented stacks without losing quantity and declines corrupt overcapacity
ok 539 - sort merges fragmented stacks without losing quantity and declines corrupt overcapacity
  ---
  duration_ms: 16.2894
  type: 'test'
  ...
# Subtest: craft checks final capacity after consumption and rolls back all sources on rejection
ok 540 - craft checks final capacity after consumption and rolls back all sources on rejection
  ---
  duration_ms: 1.3343
  type: 'test'
  ...
# Subtest: craft frees the same output capacity regardless of matching stack order and rejects aliased storage
ok 541 - craft frees the same output capacity regardless of matching stack order and rejects aliased storage
  ---
  duration_ms: 0.6396
  type: 'test'
  ...
# Subtest: Author resource IDs matching object properties remain actual finite items
ok 542 - Author resource IDs matching object properties remain actual finite items
  ---
  duration_ms: 0.5707
  type: 'test'
  ...
# Subtest: legacy migration preserves large bank and separate gear counters with bounded physical overflow
ok 543 - legacy migration preserves large bank and separate gear counters with bounded physical overflow
  ---
  duration_ms: 4.1153
  type: 'test'
  ...
# Subtest: new-format validation rejects corrupted stacks and containers without discarding contents
ok 544 - new-format validation rejects corrupted stacks and containers without discarding contents
  ---
  duration_ms: 0.3958
  type: 'test'
  ...
# Subtest: legacy delivery withdrawal respects pack capacity and never creates a spendable duplicate
ok 545 - legacy delivery withdrawal respects pack capacity and never creates a spendable duplicate
  ---
  duration_ms: 0.4528
  type: 'test'
  ...
# Subtest: resource and equipment views read only actual backpack stacks
ok 546 - resource and equipment views read only actual backpack stacks
  ---
  duration_ms: 0.6805
  type: 'test'
  ...
# Subtest: legacy quantities with valid prototype-like Author IDs survive migration and withdrawal
ok 547 - legacy quantities with valid prototype-like Author IDs survive migration and withdrawal
  ---
  duration_ms: 1.8496
  type: 'test'
  ...
# Subtest: migration saturates only milestone statistics when valid quantities exceed their aggregate range
ok 548 - migration saturates only milestone statistics when valid quantities exceed their aggregate range
  ---
  duration_ms: 0.4184
  type: 'test'
  ...
# Subtest: landscape edits retain ground offsets across objects, platforms and all spawn paths
ok 549 - landscape edits retain ground offsets across objects, platforms and all spawn paths
  ---
  duration_ms: 3.809
  type: 'test'
  ...
# Subtest: invalid terrain cannot partially rebase a draft
ok 550 - invalid terrain cannot partially rebase a draft
  ---
  duration_ms: 1.6021
  type: 'test'
  ...
# Subtest: biome groundcover survives an Author landscape edit and JSON export
ok 551 - biome groundcover survives an Author landscape edit and JSON export
  ---
  duration_ms: 0.4008
  type: 'test'
  ...
# Subtest: landscape camera orbit
    # Subtest: zooms within bounds without changing pitch, heading or the player and retains zoom across resize
    ok 1 - zooms within bounds without changing pitch, heading or the player and retains zoom across resize
      ---
      duration_ms: 5.4989
      type: 'test'
      ...
    # Subtest: keeps the requested fixed pitch while following terrain height at every cardinal yaw
    ok 2 - keeps the requested fixed pitch while following terrain height at every cardinal yaw
      ---
      duration_ms: 2.2478
      type: 'test'
      ...
    # Subtest: changes camera heading immediately without changing the player transform
    ok 3 - changes camera heading immediately without changing the player transform
      ---
      duration_ms: 0.8669
      type: 'test'
      ...
    # Subtest: keeps distance and pitch exact during successive drag-sized yaw updates
    ok 4 - keeps distance and pitch exact during successive drag-sized yaw updates
      ---
      duration_ms: 1.9982
      type: 'test'
      ...
    # Subtest: clamps vertical orbit while leaving yaw and the player transform independent
    ok 5 - clamps vertical orbit while leaving yaw and the player transform independent
      ---
      duration_ms: 0.6041
      type: 'test'
      ...
    # Subtest: keeps requested zoom separate from a temporary collision bound and recovers smoothly
    ok 6 - keeps requested zoom separate from a temporary collision bound and recovers smoothly
      ---
      duration_ms: 0.6677
      type: 'test'
      ...
    # Subtest: retains yaw-relative movement orientation when collision retracts camera to focus
    ok 7 - retains yaw-relative movement orientation when collision retracts camera to focus
      ---
      duration_ms: 0.7751
      type: 'test'
      ...
    1..7
ok 552 - landscape camera orbit
  ---
  duration_ms: 14.4347
  type: 'suite'
  ...
# Subtest: landscape input adapters
    # Subtest: losing the owned joystick capture clears movement while unrelated capture loss does not
    ok 1 - losing the owned joystick capture clears movement while unrelated capture loss does not
      ---
      duration_ms: 3.8111
      type: 'test'
      ...
    # Subtest: viewport resize abandons pinch coordinates and ignores old fingers until fresh touch down
    ok 2 - viewport resize abandons pinch coordinates and ignores old fingers until fresh touch down
      ---
      duration_ms: 2.2593
      type: 'test'
      ...
    # Subtest: two right-side touches zoom without stealing a live left joystick or rotating during pinch
    ok 3 - two right-side touches zoom without stealing a live left joystick or rotating during pinch
      ---
      duration_ms: 0.977
      type: 'test'
      ...
    # Subtest: UI touches and left-to-right joystick crossing never become pinch fingers
    ok 4 - UI touches and left-to-right joystick crossing never become pinch fingers
      ---
      duration_ms: 0.7005
      type: 'test'
      ...
    # Subtest: wheel zoom ignores UI, left controls and disabled camera input
    ok 5 - wheel zoom ignores UI, left controls and disabled camera input
      ---
      duration_ms: 0.9776
      type: 'test'
      ...
    # Subtest: ignores right pointers while disabled by a modal or Author mode
    ok 6 - ignores right pointers while disabled by a modal or Author mode
      ---
      duration_ms: 0.5991
      type: 'test'
      ...
    # Subtest: keeps a left joystick active while a second right pointer orbits
    ok 7 - keeps a left joystick active while a second right pointer orbits
      ---
      duration_ms: 0.5401
      type: 'test'
      ...
    # Subtest: never converts a right mouse drag into an attack
    ok 8 - never converts a right mouse drag into an attack
      ---
      duration_ms: 0.6356
      type: 'test'
      ...
    # Subtest: uses vertical right-side drag for bounded camera pitch without affecting pinch ownership
    ok 9 - uses vertical right-side drag for bounded camera pitch without affecting pinch ownership
      ---
      duration_ms: 0.6859
      type: 'test'
      ...
    # Subtest: clears an orbit pointer on cancel, blur, and hidden visibility
    ok 10 - clears an orbit pointer on cancel, blur, and hidden visibility
      ---
      duration_ms: 0.6911
      type: 'test'
      ...
    1..10
ok 553 - landscape input adapters
  ---
  duration_ms: 14.0702
  type: 'suite'
  ...
# Subtest: overlay exposes all generated identities before residency and delegates the authored registry
ok 554 - overlay exposes all generated identities before residency and delegates the authored registry
  ---
  duration_ms: 2.7131
  type: 'test'
  ...
# Subtest: resident lookup changes without removing the persistent generated identity
ok 555 - resident lookup changes without removing the persistent generated identity
  ---
  duration_ms: 1.3715
  type: 'test'
  ...
# Subtest: overlay rejects generated IDs that collide with authored or sibling identities
ok 556 - overlay rejects generated IDs that collide with authored or sibling identities
  ---
  duration_ms: 0.7655
  type: 'test'
  ...
# Subtest: solid loot Author rotate/scale/elevation persists and matches runtime obstacle
ok 557 - solid loot Author rotate/scale/elevation persists and matches runtime obstacle
  ---
  duration_ms: 293.3901
  type: 'test'
  ...
# Subtest: legacy loot remains non-solid; explicit Solid toggle uses the same descriptor in Author and Play
ok 558 - legacy loot remains non-solid; explicit Solid toggle uses the same descriptor in Author and Play
  ---
  duration_ms: 231.8532
  type: 'test'
  ...
# Subtest: every finite discovery claim and grove seal survives the real save normalization and reload
ok 559 - every finite discovery claim and grove seal survives the real save normalization and reload
  ---
  duration_ms: 565.4365
  type: 'test'
  ...
# Subtest: distributed grove partial food/flower/crystal rewards and seals survive unloaded reload independently
ok 560 - distributed grove partial food/flower/crystal rewards and seals survive unloaded reload independently
  ---
  duration_ms: 1033.1947
  type: 'test'
  ...
# Subtest: a saved grove seal remains open when a failed loot write rolls back every reward
ok 561 - a saved grove seal remains open when a failed loot write rolls back every reward
  ---
  duration_ms: 259.6487
  type: 'test'
  ...
# Subtest: baked kits reproduce nested, nonuniform and mirrored transforms in the editable visual path
ok 562 - baked kits reproduce nested, nonuniform and mirrored transforms in the editable visual path
  ---
  duration_ms: 13.3338
  type: 'test'
  ...
# Subtest: selection uses 3D range, active mineral state, distance, and lexical stable-ID ties
ok 563 - selection uses 3D range, active mineral state, distance, and lexical stable-ID ties
  ---
  duration_ms: 2.5366
  type: 'test'
  ...
# Subtest: strike bounds ordinary hits per source and reports partial iron truthfully
ok 564 - strike bounds ordinary hits per source and reports partial iron truthfully
  ---
  duration_ms: 0.8756
  type: 'test'
  ...
# Subtest: real harvest lifecycle keeps prior drops and depletion when a later finite save fails
ok 565 - real harvest lifecycle keeps prior drops and depletion when a later finite save fails
  ---
  duration_ms: 88.1059
  type: 'test'
  ...
# Subtest: Mossling uses measured Run travel and bounded catch-up at companion size
ok 566 - Mossling uses measured Run travel and bounded catch-up at companion size
  ---
  duration_ms: 1.9202
  type: 'test'
  ...
# Subtest: near settling walks, turning at rest does not tow Mossling, and other species retain tuning
ok 567 - near settling walks, turning at rest does not tow Mossling, and other species retain tuning
  ---
  duration_ms: 0.3796
  type: 'test'
  ...
# Subtest: character registration is idempotent and preserves sibling, collision and placement data
ok 568 - character registration is idempotent and preserves sibling, collision and placement data
  ---
  duration_ms: 1.6276
  type: 'test'
  ...
# Subtest: multiple fixed updates emit one jump and one landing cue
ok 569 - multiple fixed updates emit one jump and one landing cue
  ---
  duration_ms: 3.8837
  type: 'test'
  ...
# Subtest: tiny grounded flicker does not create a landing cue
ok 570 - tiny grounded flicker does not create a landing cue
  ---
  duration_ms: 0.367
  type: 'test'
  ...
# Subtest: reset makes the first update silent
ok 571 - reset makes the first update silent
  ---
  duration_ms: 0.3928
  type: 'test'
  ...
# Subtest: held dodge emits only on entry
ok 572 - held dodge emits only on entry
  ---
  duration_ms: 0.3303
  type: 'test'
  ...
# Subtest: surface swimming ends airborne tracking without a false landing cue
ok 573 - surface swimming ends airborne tracking without a false landing cue
  ---
  duration_ms: 0.2688
  type: 'test'
  ...
# Subtest: classifyMovementBand
    # Subtest: deadzone idle
    ok 1 - deadzone idle
      ---
      duration_ms: 1.7394
      type: 'test'
      ...
    # Subtest: threshold boundaries
    ok 2 - threshold boundaries
      ---
      duration_ms: 0.3942
      type: 'test'
      ...
    # Subtest: invalid inputs idle
    ok 3 - invalid inputs idle
      ---
      duration_ms: 0.4769
      type: 'test'
      ...
    1..3
ok 574 - classifyMovementBand
  ---
  duration_ms: 4.6562
  type: 'suite'
  ...
# Subtest: getBandSpeed
    # Subtest: returns correct speeds and idle 0
    ok 1 - returns correct speeds and idle 0
      ---
      duration_ms: 0.4541
      type: 'test'
      ...
    # Subtest: run meaningfully faster than walk, walk faster than sneak
    ok 2 - run meaningfully faster than walk, walk faster than sneak
      ---
      duration_ms: 0.41
      type: 'test'
      ...
    1..2
ok 575 - getBandSpeed
  ---
  duration_ms: 1.3792
  type: 'suite'
  ...
# Subtest: normalize2D
    # Subtest: zero returns zero
    ok 1 - zero returns zero
      ---
      duration_ms: 1.978
      type: 'test'
      ...
    # Subtest: normalizes correctly
    ok 2 - normalizes correctly
      ---
      duration_ms: 0.4892
      type: 'test'
      ...
    # Subtest: diagonal has unit length
    ok 3 - diagonal has unit length
      ---
      duration_ms: 0.3708
      type: 'test'
      ...
    1..3
ok 576 - normalize2D
  ---
  duration_ms: 3.355
  type: 'suite'
  ...
# Subtest: clampToUnitCircle
    # Subtest: inside stays
    ok 1 - inside stays
      ---
      duration_ms: 0.4286
      type: 'test'
      ...
    # Subtest: diagonal beyond 1 is clamped
    ok 2 - diagonal beyond 1 is clamped
      ---
      duration_ms: 0.3605
      type: 'test'
      ...
    # Subtest: clamped magnitude is 1
    ok 3 - clamped magnitude is 1
      ---
      duration_ms: 0.2049
      type: 'test'
      ...
    1..3
ok 577 - clampToUnitCircle
  ---
  duration_ms: 1.2205
  type: 'suite'
  ...
# Subtest: isValidIntent
    # Subtest: valid
    ok 1 - valid
      ---
      duration_ms: 0.2028
      type: 'test'
      ...
    # Subtest: invalid
    ok 2 - invalid
      ---
      duration_ms: 0.1286
      type: 'test'
      ...
    1..2
ok 578 - isValidIntent
  ---
  duration_ms: 0.5286
  type: 'suite'
  ...
# Subtest: mergeIntentsPure
    # Subtest: touch move wins over keyboard
    ok 1 - touch move wins over keyboard
      ---
      duration_ms: 0.3627
      type: 'test'
      ...
    # Subtest: touch dodge combines with keyboard move
    ok 2 - touch dodge combines with keyboard move
      ---
      duration_ms: 0.1834
      type: 'test'
      ...
    # Subtest: jump combines with touch movement without changing dodge or attack ownership
    ok 3 - jump combines with touch movement without changing dodge or attack ownership
      ---
      duration_ms: 0.1542
      type: 'test'
      ...
    # Subtest: no touch returns keyboard
    ok 4 - no touch returns keyboard
      ---
      duration_ms: 0.1541
      type: 'test'
      ...
    1..4
ok 579 - mergeIntentsPure
  ---
  duration_ms: 1.0281
  type: 'suite'
  ...
# Subtest: all authored region perimeters are continuous physical cliffs with a scenic reserve
ok 580 - all authored region perimeters are continuous physical cliffs with a scenic reserve
  ---
  duration_ms: 354.2473
  type: 'test'
  ...
# Subtest: natural landscape collision uses existing section activation, including resized exports
ok 581 - natural landscape collision uses existing section activation, including resized exports
  ---
  duration_ms: 26.0018
  type: 'test'
  ...
# Subtest: foreground boundary fades for inward orbit and restores without touching inactive regions
ok 582 - foreground boundary fades for inward orbit and restores without touching inactive regions
  ---
  duration_ms: 17.3363
  type: 'test'
  ...
# Subtest: raised sight origin reaches the exact target on level and elevated terrain
ok 583 - raised sight origin reaches the exact target on level and elevated terrain
  ---
  duration_ms: 1.5214
  type: 'test'
  ...
# Subtest: actual Rapier shared sight respects solid walls, ignores sensors and follows actor filters for rusher/spitter awareness
ok 584 - actual Rapier shared sight respects solid walls, ignores sensors and follows actor filters for rusher/spitter awareness
  ---
  duration_ms: 188.4082
  type: 'test'
  ...
# Subtest: receiver tracks only its discovered active region and restores neutral on lifecycle boundaries
ok 585 - receiver tracks only its discovered active region and restores neutral on lifecycle boundaries
  ---
  duration_ms: 3.9358
  type: 'test'
  ...
# Subtest: ordinary jump consumes one grounded edge and does not auto-hop while held
ok 586 - ordinary jump consumes one grounded edge and does not auto-hop while held
  ---
  duration_ms: 8.1456
  type: 'test'
  ...
# Subtest: ordinary jump accepts coyote and buffered landing requests
ok 587 - ordinary jump accepts coyote and buffered landing requests
  ---
  duration_ms: 1.3793
  type: 'test'
  ...
# Subtest: ordinary jumps respect a ceiling, reject air jumps, and reset cleanly
ok 588 - ordinary jumps respect a ceiling, reject air jumps, and reset cleanly
  ---
  duration_ms: 1.4453
  type: 'test'
  ...
# Subtest: the first two expeditions match their independently sized visual and collision islands
ok 589 - the first two expeditions match their independently sized visual and collision islands
  ---
  duration_ms: 2.4453
  type: 'test'
  ...
# Subtest: Verdant and Shatterfen retain distinct landmark-led loops
ok 590 - Verdant and Shatterfen retain distinct landmark-led loops
  ---
  duration_ms: 0.4589
  type: 'test'
  ...
# Subtest: committed pack resource deltas notify craft, build, feed, and plant through one boundary
ok 591 - committed pack resource deltas notify craft, build, feed, and plant through one boundary
  ---
  duration_ms: 18.0263
  type: 'test'
  ...
# Subtest: retired courses emit no campaign hazards while the generic thorn bed stays bounded
ok 592 - retired courses emit no campaign hazards while the generic thorn bed stays bounded
  ---
  duration_ms: 21.0173
  type: 'test'
  ...
# Subtest: rotated visible beds and protection volumes use the same oriented footprint
ok 593 - rotated visible beds and protection volumes use the same oriented footprint
  ---
  duration_ms: 1.2014
  type: 'test'
  ...
# Subtest: Phase 3.1 — projectile independent of facing
    # Subtest: player hit from any facing direction
    ok 1 - player hit from any facing direction
      ---
      duration_ms: 8.2373
      type: 'test'
      ...
    # Subtest: projectile owner exclusion
    ok 2 - projectile owner exclusion
      ---
      duration_ms: 1.4357
      type: 'test'
      ...
    # Subtest: projectile vs wildkin
    ok 3 - projectile vs wildkin
      ---
      duration_ms: 1.1888
      type: 'test'
      ...
    # Subtest: world blocking still removes projectile
    ok 4 - world blocking still removes projectile
      ---
      duration_ms: 12.0318
      type: 'test'
      ...
    # Subtest: one damage per projectile max
    ok 5 - one damage per projectile max
      ---
      duration_ms: 0.9023
      type: 'test'
      ...
    1..5
ok 594 - Phase 3.1 — projectile independent of facing
  ---
  duration_ms: 25.5369
  type: 'suite'
  ...
# Subtest: Phase 3.1 — dead collider lifecycle & safe respawn
    # Subtest: dead creature collision disabled and not targetable
    ok 1 - dead creature collision disabled and not targetable
      ---
      duration_ms: 62.8805
      type: 'test'
      ...
    # Subtest: safe respawn not inside player
    ok 2 - safe respawn not inside player
      ---
      duration_ms: 37.3687
      type: 'test'
      ...
    1..2
ok 595 - Phase 3.1 — dead collider lifecycle & safe respawn
  ---
  duration_ms: 100.7743
  type: 'suite'
  ...
# Subtest: Phase 3.1 — unified Field Tool impact & harvest during danger
    # Subtest: one swing may hit resource + creature
    ok 1 - one swing may hit resource + creature
      ---
      duration_ms: 1.452
      type: 'test'
      ...
    # Subtest: Auto Harvest still operates during danger (combat does not suppress)
    ok 2 - Auto Harvest still operates during danger (combat does not suppress)
      ---
      duration_ms: 7.8469
      type: 'test'
      ...
    # Subtest: no auto-attack merely from creature presence
    ok 3 - no auto-attack merely from creature presence
      ---
      duration_ms: 0.5297
      type: 'test'
      ...
    # Subtest: manual harvest with Auto Harvest OFF
    ok 4 - manual harvest with Auto Harvest OFF
      ---
      duration_ms: 0.3853
      type: 'test'
      ...
    1..4
ok 596 - Phase 3.1 — unified Field Tool impact & harvest during danger
  ---
  duration_ms: 10.9707
  type: 'suite'
  ...
# Subtest: Phase 3.1 — tap/hold/swipe classification
    # Subtest: tap attack
    ok 1 - tap attack
      ---
      duration_ms: 0.4044
      type: 'test'
      ...
    # Subtest: hold attack
    ok 2 - hold attack
      ---
      duration_ms: 0.1896
      type: 'test'
      ...
    # Subtest: release stops attack (hold active then release not queued)
    ok 3 - release stops attack (hold active then release not queued)
      ---
      duration_ms: 0.1446
      type: 'test'
      ...
    # Subtest: swipe = dodge without attack
    ok 4 - swipe = dodge without attack
      ---
      duration_ms: 0.2335
      type: 'test'
      ...
    1..4
ok 597 - Phase 3.1 — tap/hold/swipe classification
  ---
  duration_ms: 1.1759
  type: 'suite'
  ...
# Subtest: Phase 3.1 — temperament
    # Subtest: aggressive may initiate
    ok 1 - aggressive may initiate
      ---
      duration_ms: 0.281
      type: 'test'
      ...
    # Subtest: territorial warn -> attack
    ok 2 - territorial warn -> attack
      ---
      duration_ms: 0.2184
      type: 'test'
      ...
    # Subtest: defensive retaliation
    ok 3 - defensive retaliation
      ---
      duration_ms: 0.1863
      type: 'test'
      ...
    # Subtest: skittish flee
    ok 4 - skittish flee
      ---
      duration_ms: 0.1817
      type: 'test'
      ...
    1..4
ok 598 - Phase 3.1 — temperament
  ---
  duration_ms: 1.3247
  type: 'suite'
  ...
# Subtest: Phase 3.1 — actor targeting
    # Subtest: self exclusion
    ok 1 - self exclusion
      ---
      duration_ms: 0.2378
      type: 'test'
      ...
    # Subtest: dead exclusion
    ok 2 - dead exclusion
      ---
      duration_ms: 0.4215
      type: 'test'
      ...
    # Subtest: wildkin vs wildkin damage
    ok 3 - wildkin vs wildkin damage
      ---
      duration_ms: 31.0573
      type: 'test'
      ...
    1..3
ok 599 - Phase 3.1 — actor targeting
  ---
  duration_ms: 31.9862
  type: 'suite'
  ...
# Subtest: Phase 3.1 — wildlife XP rules
    # Subtest: wildlife-only kill no player XP
    ok 1 - wildlife-only kill no player XP
      ---
      duration_ms: 26.5603
      type: 'test'
      ...
    # Subtest: player participation XP
    ok 2 - player participation XP
      ---
      duration_ms: 22.6885
      type: 'test'
      ...
    1..2
ok 600 - Phase 3.1 — wildlife XP rules
  ---
  duration_ms: 49.4679
  type: 'suite'
  ...
# Subtest: Phase 3.1 — home/leash & steering
    # Subtest: home/leash return
    ok 1 - home/leash return
      ---
      duration_ms: 23.5255
      type: 'test'
      ...
    # Subtest: steering chooses side when direct blocked
    ok 2 - steering chooses side when direct blocked
      ---
      duration_ms: 0.3637
      type: 'test'
      ...
    # Subtest: steering stall detection
    ok 3 - steering stall detection
      ---
      duration_ms: 0.18
      type: 'test'
      ...
    1..3
ok 601 - Phase 3.1 — home/leash & steering
  ---
  duration_ms: 24.2935
  type: 'suite'
  ...
# Subtest: Phase 3.1 — XP visual
    # Subtest: xp mote is large blue/cyan with halo
    ok 1 - xp mote is large blue/cyan with halo
      ---
      duration_ms: 2.292
      type: 'test'
      ...
    1..1
ok 602 - Phase 3.1 — XP visual
  ---
  duration_ms: 2.4545
  type: 'suite'
  ...
# Subtest: Phase 3.1.1 — spawn clearance
    # Subtest: every authored creature spawn is clear of expanded platform/obstacle/resource geometry
    ok 1 - every authored creature spawn is clear of expanded platform/obstacle/resource geometry
      ---
      duration_ms: 9.7776
      type: 'test'
      ...
    # Subtest: creature spawns do not overlap each other (expanded)
    ok 2 - creature spawns do not overlap each other (expanded)
      ---
      duration_ms: 0.4925
      type: 'test'
      ...
    # Subtest: player spawn breathing room
    ok 3 - player spawn breathing room
      ---
      duration_ms: 2.0425
      type: 'test'
      ...
    # Subtest: aggressive-vs-skittish interaction reachable
    ok 4 - aggressive-vs-skittish interaction reachable
      ---
      duration_ms: 0.3742
      type: 'test'
      ...
    # Subtest: temperament coverage A/T/D/S present and accessible
    ok 5 - temperament coverage A/T/D/S present and accessible
      ---
      duration_ms: 0.2286
      type: 'test'
      ...
    1..5
ok 603 - Phase 3.1.1 — spawn clearance
  ---
  duration_ms: 14.6031
  type: 'suite'
  ...
# Subtest: Phase 3.1.1 — temperament debug markers
    # Subtest: each creature has debug marker A/T/D/S visible
    ok 1 - each creature has debug marker A/T/D/S visible
      ---
      duration_ms: 25.2753
      type: 'test'
      ...
    1..1
ok 604 - Phase 3.1.1 — temperament debug markers
  ---
  duration_ms: 25.4682
  type: 'suite'
  ...
# Subtest: Phase 3.1.1 — defensive & skittish player hit
    # Subtest: player hit → Defensive sets retaliation and retaliates after HURT
    ok 1 - player hit → Defensive sets retaliation and retaliates after HURT
      ---
      duration_ms: 53.6982
      type: 'test'
      ...
    # Subtest: Wildkin hit → Defensive also retaliates
    ok 2 - Wildkin hit → Defensive also retaliates
      ---
      duration_ms: 26.2602
      type: 'test'
      ...
    # Subtest: player hit → Skittish urgent flee, never retaliates
    ok 3 - player hit → Skittish urgent flee, never retaliates
      ---
      duration_ms: 23.44
      type: 'test'
      ...
    # Subtest: Wildkin hit → Skittish urgent flee
    ok 4 - Wildkin hit → Skittish urgent flee
      ---
      duration_ms: 18.6524
      type: 'test'
      ...
    # Subtest: defensive retaliation expires
    ok 5 - defensive retaliation expires
      ---
      duration_ms: 59.2933
      type: 'test'
      ...
    1..5
ok 605 - Phase 3.1.1 — defensive & skittish player hit
  ---
  duration_ms: 182.1011
  type: 'suite'
  ...
# Subtest: Phase 3.1.1 — steering target exclusion
    # Subtest: direct approach to player not blocked by player collider
    ok 1 - direct approach to player not blocked by player collider
      ---
      duration_ms: 20.5042
      type: 'test'
      ...
    # Subtest: static box still blocks steering
    ok 2 - static box still blocks steering
      ---
      duration_ms: 15.6864
      type: 'test'
      ...
    1..2
ok 606 - Phase 3.1.1 — steering target exclusion
  ---
  duration_ms: 36.3914
  type: 'suite'
  ...
# Subtest: Phase 3.1.1 — Field Tool shared cadence
    # Subtest: auto harvest impact + immediate tap cannot produce early second impact
    ok 1 - auto harvest impact + immediate tap cannot produce early second impact
      ---
      duration_ms: 12.0587
      type: 'test'
      ...
    # Subtest: held attack respects same cadence and release stops repetition
    ok 2 - held attack respects same cadence and release stops repetition
      ---
      duration_ms: 9.1638
      type: 'test'
      ...
    # Subtest: tap spam does not queue unbounded attacks
    ok 3 - tap spam does not queue unbounded attacks
      ---
      duration_ms: 2.4998
      type: 'test'
      ...
    # Subtest: pre-impact harvest takeover still responsive
    ok 4 - pre-impact harvest takeover still responsive
      ---
      duration_ms: 2.2145
      type: 'test'
      ...
    # Subtest: isReadyForSwing reflects shared cooldown
    ok 5 - isReadyForSwing reflects shared cooldown
      ---
      duration_ms: 2.1168
      type: 'test'
      ...
    1..5
ok 607 - Phase 3.1.1 — Field Tool shared cadence
  ---
  duration_ms: 28.3755
  type: 'suite'
  ...
# Subtest: Phase 3.1.1 — XP collision
    # Subtest: POP cannot cross solid box/platform
    ok 1 - POP cannot cross solid box/platform
      ---
      duration_ms: 4.1049
      type: 'test'
      ...
    # Subtest: REST cannot end inside solid
    ok 2 - REST cannot end inside solid
      ---
      duration_ms: 0.8147
      type: 'test'
      ...
    # Subtest: MAGNET guarantees collection despite obstruction
    ok 3 - MAGNET guarantees collection despite obstruction
      ---
      duration_ms: 1.0619
      type: 'test'
      ...
    # Subtest: pool stays bounded and once-only XP count
    ok 4 - pool stays bounded and once-only XP count
      ---
      duration_ms: 3.7049
      type: 'test'
      ...
    # Subtest: XP core is faceted crystal not generic sphere
    ok 5 - XP core is faceted crystal not generic sphere
      ---
      duration_ms: 1.4451
      type: 'test'
      ...
    1..5
ok 608 - Phase 3.1.1 — XP collision
  ---
  duration_ms: 11.4687
  type: 'suite'
  ...
# Subtest: Phase 3.1.1 — Field Tool handedness structural
    # Subtest: tool is on anatomical right (-X) and swing is right→left
    ok 1 - tool is on anatomical right (-X) and swing is right→left
      ---
      duration_ms: 1.9002
      type: 'test'
      ...
    1..1
ok 609 - Phase 3.1.1 — Field Tool handedness structural
  ---
  duration_ms: 2.0129
  type: 'suite'
  ...
# Subtest: Phase 3.5A — world data
    # Subtest: world definition loads/normalizes
    ok 1 - world definition loads/normalizes
      ---
      duration_ms: 15.3662
      type: 'test'
      ...
    # Subtest: invalid duplicate IDs fail
    ok 2 - invalid duplicate IDs fail
      ---
      duration_ms: 5.1045
      type: 'test'
      ...
    # Subtest: duplicate resource ids fail
    ok 3 - duplicate resource ids fail
      ---
      duration_ms: 4.5891
      type: 'test'
      ...
    # Subtest: bad neighbor/reference IDs fail
    ok 4 - bad neighbor/reference IDs fail
      ---
      duration_ms: 5.4693
      type: 'test'
      ...
    # Subtest: invalid creature type fails
    ok 5 - invalid creature type fails
      ---
      duration_ms: 4.245
      type: 'test'
      ...
    # Subtest: existing test-world objects are represented through new data path
    ok 6 - existing test-world objects are represented through new data path
      ---
      duration_ms: 4.5977
      type: 'test'
      ...
    # Subtest: creature spawn validation still passes (clearance)
    ok 7 - creature spawn validation still passes (clearance)
      ---
      duration_ms: 2.7398
      type: 'test'
      ...
    # Subtest: region bounds and neighbor references valid
    ok 8 - region bounds and neighbor references valid
      ---
      duration_ms: 3.4174
      type: 'test'
      ...
    # Subtest: no obvious invalid cross-region ownership (pos inside bounds)
    ok 9 - no obvious invalid cross-region ownership (pos inside bounds)
      ---
      duration_ms: 4.4346
      type: 'test'
      ...
    # Subtest: supported world object types and anchor/POI identifiers
    ok 10 - supported world object types and anchor/POI identifiers
      ---
      duration_ms: 3.1699
      type: 'test'
      ...
    1..10
ok 610 - Phase 3.5A — world data
  ---
  duration_ms: 55.568
  type: 'suite'
  ...
# Subtest: Phase 3.5A — ExpeditionSession
    # Subtest: owns runXp, kills, cargo, currentRegion, maxDepth
    ok 1 - owns runXp, kills, cargo, currentRegion, maxDepth
      ---
      duration_ms: 5.7371
      type: 'test'
      ...
    # Subtest: tracks maxDepth and currentRegion
    ok 2 - tracks maxDepth and currentRegion
      ---
      duration_ms: 2.8239
      type: 'test'
      ...
    # Subtest: reset/death lifecycle hooks
    ok 3 - reset/death lifecycle hooks
      ---
      duration_ms: 2.7976
      type: 'test'
      ...
    # Subtest: future slots for Wildkin/extraction outcome exist
    ok 4 - future slots for Wildkin/extraction outcome exist
      ---
      duration_ms: 0.2651
      type: 'test'
      ...
    # Subtest: does not force player-health internals
    ok 5 - does not force player-health internals
      ---
      duration_ms: 0.1741
      type: 'test'
      ...
    1..5
ok 611 - Phase 3.5A — ExpeditionSession
  ---
  duration_ms: 12.0979
  type: 'suite'
  ...
# Subtest: Phase 3.5A — region activation
    # Subtest: player position resolves current region/pocket
    ok 1 - player position resolves current region/pocket
      ---
      duration_ms: 4.5523
      type: 'test'
      ...
    # Subtest: active set includes expected neighbor buffer
    ok 2 - active set includes expected neighbor buffer
      ---
      duration_ms: 2.9083
      type: 'test'
      ...
    # Subtest: moving across boundary changes active set once
    ok 3 - moving across boundary changes active set once
      ---
      duration_ms: 2.554
      type: 'test'
      ...
    # Subtest: moving back restores expected set
    ok 4 - moving back restores expected set
      ---
      duration_ms: 3.8127
      type: 'test'
      ...
    # Subtest: distant regions remain inactive
    ok 5 - distant regions remain inactive
      ---
      duration_ms: 2.8291
      type: 'test'
      ...
    # Subtest: no duplicate entity creation after deactivate/reactivate
    ok 6 - no duplicate entity creation after deactivate/reactivate
      ---
      duration_ms: 125.8413
      type: 'test'
      ...
    # Subtest: avoids per-frame allocation churn where practical — active set reuse
    ok 7 - avoids per-frame allocation churn where practical — active set reuse
      ---
      duration_ms: 6.5038
      type: 'test'
      ...
    1..7
ok 612 - Phase 3.5A — region activation
  ---
  duration_ms: 149.3861
  type: 'suite'
  ...
# Subtest: Phase 3.5A — creature/resource integration
    # Subtest: inactive creature does not progress AI/attack timers
    ok 1 - inactive creature does not progress AI/attack timers
      ---
      duration_ms: 48.805
      type: 'test'
      ...
    # Subtest: active creature still behaves normally
    ok 2 - active creature still behaves normally
      ---
      duration_ms: 29.0012
      type: 'test'
      ...
    # Subtest: inactive resource region does not produce unwanted run updates
    ok 3 - inactive resource region does not produce unwanted run updates
      ---
      duration_ms: 63.436
      type: 'test'
      ...
    # Subtest: inactive resource respawn timer freezes, reactivation restores valid state
    ok 4 - inactive resource respawn timer freezes, reactivation restores valid state
      ---
      duration_ms: 53.0832
      type: 'test'
      ...
    # Subtest: reactivation restores valid state without duplicate collider
    ok 5 - reactivation restores valid state without duplicate collider
      ---
      duration_ms: 50.0913
      type: 'test'
      ...
    1..5
ok 613 - Phase 3.5A — creature/resource integration
  ---
  duration_ms: 244.836
  type: 'suite'
  ...
# Subtest: Phase 3.5A — temporary entities
    # Subtest: deactivation cleanup does not leak pickups
    ok 1 - deactivation cleanup does not leak pickups
      ---
      duration_ms: 47.9452
      type: 'test'
      ...
    # Subtest: deactivation cleanup does not leak XP
    ok 2 - deactivation cleanup does not leak XP
      ---
      duration_ms: 4.5039
      type: 'test'
      ...
    # Subtest: deactivation cleanup does not leak projectiles
    ok 3 - deactivation cleanup does not leak projectiles
      ---
      duration_ms: 3.6008
      type: 'test'
      ...
    # Subtest: pools remain bounded after cull and respawn
    ok 4 - pools remain bounded after cull and respawn
      ---
      duration_ms: 51.9828
      type: 'test'
      ...
    # Subtest: no duplicate entity creation after deactivate/reactivate
    ok 5 - no duplicate entity creation after deactivate/reactivate
      ---
      duration_ms: 45.2432
      type: 'test'
      ...
    1..5
ok 614 - Phase 3.5A — temporary entities
  ---
  duration_ms: 153.7907
  type: 'suite'
  ...
# Subtest: Phase 3.5B — single source
    # Subtest: authored source deterministically produces runtime world
    ok 1 - authored source deterministically produces runtime world
      ---
      duration_ms: 28.2865
      type: 'test'
      ...
    # Subtest: stale generated data fails if generation is used
    ok 2 - stale generated data fails if generation is used
      ---
      duration_ms: 513.8123
      type: 'test'
      ...
    # Subtest: static/traversal objects derive from normalized world data (no second manual list)
    ok 3 - static/traversal objects derive from normalized world data (no second manual list)
      ---
      duration_ms: 238.8512
      type: 'test'
      ...
    1..3
ok 615 - Phase 3.5B — single source
  ---
  duration_ms: 782.451
  type: 'suite'
  ...
# Subtest: Phase 3.5B — author model
    # Subtest: transform edit updates draft
    ok 1 - transform edit updates draft
      ---
      duration_ms: 24.4724
      type: 'test'
      ...
    # Subtest: duplicate gets unique ID
    ok 2 - duplicate gets unique ID
      ---
      duration_ms: 27.547
      type: 'test'
      ...
    # Subtest: delete removes only target
    ok 3 - delete removes only target
      ---
      duration_ms: 18.1181
      type: 'test'
      ...
    # Subtest: invalid duplicate/reference/region data fails
    ok 4 - invalid duplicate/reference/region data fails
      ---
      duration_ms: 22.2575
      type: 'test'
      ...
    # Subtest: deterministic export is byte-stable
    ok 5 - deterministic export is byte-stable
      ---
      duration_ms: 50.9073
      type: 'test'
      ...
    # Subtest: transient fields are excluded
    ok 6 - transient fields are excluded
      ---
      duration_ms: 11.6642
      type: 'test'
      ...
    1..6
ok 616 - Phase 3.5B — author model
  ---
  duration_ms: 155.9858
  type: 'suite'
  ...
# Subtest: Phase 3.5B — runtime application
    # Subtest: moving platform/obstacle changes visual + collision source
    ok 1 - moving platform/obstacle changes visual + collision source
      ---
      duration_ms: 135.3551
      type: 'test'
      ...
    # Subtest: ladder/jump metadata still works from authored data
    ok 2 - ladder/jump metadata still works from authored data
      ---
      duration_ms: 102.7309
      type: 'test'
      ...
    # Subtest: resources/creatures instantiate once after Apply/Play
    ok 3 - resources/creatures instantiate once after Apply/Play
      ---
      duration_ms: 150.8714
      type: 'test'
      ...
    # Subtest: repeated Edit ↔ Play creates no duplicate colliders/entities
    ok 4 - repeated Edit ↔ Play creates no duplicate colliders/entities
      ---
      duration_ms: 68.7909
      type: 'test'
      ...
    1..4
ok 617 - Phase 3.5B — runtime application
  ---
  duration_ms: 458.1961
  type: 'suite'
  ...
# Subtest: Phase 3.5B — isolation
    # Subtest: normal mode ignores author UI/draft (draft not used without ?author=1)
    ok 1 - normal mode ignores author UI/draft (draft not used without ?author=1)
      ---
      duration_ms: 0.2349
      type: 'test'
      ...
    # Subtest: one rAF remains authoritative
    ok 2 - one rAF remains authoritative
      ---
      duration_ms: 0.9107
      type: 'test'
      ...
    1..2
ok 618 - Phase 3.5B — isolation
  ---
  duration_ms: 1.3158
  type: 'suite'
  ...
# Subtest: Phase 3.5B — Area 1 skeleton
    # Subtest: Camp + 3–4 frontier pockets exist
    ok 1 - Camp + 3–4 frontier pockets exist
      ---
      duration_ms: 2.7252
      type: 'test'
      ...
    # Subtest: neighbor graph validates
    ok 2 - neighbor graph validates
      ---
      duration_ms: 2.718
      type: 'test'
      ...
    # Subtest: first + next Major Waypoints exist
    ok 3 - first + next Major Waypoints exist
      ---
      duration_ms: 2.6543
      type: 'test'
      ...
    # Subtest: Extraction Beacon placeholder(s) exist
    ok 4 - Extraction Beacon placeholder(s) exist
      ---
      duration_ms: 2.4877
      type: 'test'
      ...
    # Subtest: swim-gated POI metadata exists
    ok 5 - swim-gated POI metadata exists
      ---
      duration_ms: 2.4752
      type: 'test'
      ...
    # Subtest: all entities validate inside assigned bounds
    ok 6 - all entities validate inside assigned bounds
      ---
      duration_ms: 2.7474
      type: 'test'
      ...
    1..6
ok 619 - Phase 3.5B — Area 1 skeleton
  ---
  duration_ms: 16.1325
  type: 'suite'
  ...
# Subtest: Phase 3.5B.1 — draft / transforms
    # Subtest: X/Z nudge changes draft
    ok 1 - X/Z nudge changes draft
      ---
      duration_ms: 32.1431
      type: 'test'
      ...
    # Subtest: Y changes supported object's authored data and builder output
    ok 2 - Y changes supported object's authored data and builder output
      ---
      duration_ms: 271.6406
      type: 'test'
      ...
    # Subtest: unsupported transform controls are not falsely exposed/written for climbable
    ok 3 - unsupported transform controls are not falsely exposed/written for climbable
      ---
      duration_ms: 17.6785
      type: 'test'
      ...
    # Subtest: creature movement keeps home coherent by default
    ok 4 - creature movement keeps home coherent by default
      ---
      duration_ms: 15.0511
      type: 'test'
      ...
    # Subtest: duplicate/delete remain unique/correct
    ok 5 - duplicate/delete remain unique/correct
      ---
      duration_ms: 29.7577
      type: 'test'
      ...
    1..5
ok 620 - Phase 3.5B.1 — draft / transforms
  ---
  duration_ms: 368.0152
  type: 'suite'
  ...
# Subtest: Phase 3.5B.1 — static builder / collision
    # Subtest: elevated solid prop visual and collision share same intended vertical placement
    ok 1 - elevated solid prop visual and collision share same intended vertical placement
      ---
      duration_ms: 135.8622
      type: 'test'
      ...
    # Subtest: elevated platform visual and collision agree if Y supported
    ok 2 - elevated platform visual and collision agree if Y supported
      ---
      duration_ms: 107.384
      type: 'test'
      ...
    # Subtest: supported RotY is consumed by visual
    ok 3 - supported RotY is consumed by visual
      ---
      duration_ms: 103.9548
      type: 'test'
      ...
    # Subtest: climbable rotation is explicitly supported via registry and reaches visual/collider
    ok 4 - climbable rotation is explicitly supported via registry and reaches visual/collider
      ---
      duration_ms: 18.5279
      type: 'test'
      ...
    1..4
ok 621 - Phase 3.5B.1 — static builder / collision
  ---
  duration_ms: 366.6327
  type: 'suite'
  ...
# Subtest: Phase 3.5B.1 — selection / placement model
    # Subtest: all required authorable types expose stable author IDs/pick metadata
    ok 1 - all required authorable types expose stable author IDs/pick metadata
      ---
      duration_ms: 86.4608
      type: 'test'
      ...
    # Subtest: placement at supplied world position creates object at that position and correct containing region
    ok 2 - placement at supplied world position creates object at that position and correct containing region
      ---
      duration_ms: 31.1435
      type: 'test'
      ...
    # Subtest: cancel placement creates nothing
    ok 3 - cancel placement creates nothing
      ---
      duration_ms: 5.9952
      type: 'test'
      ...
    1..3
ok 622 - Phase 3.5B.1 — selection / placement model
  ---
  duration_ms: 123.8971
  type: 'suite'
  ...
# Subtest: Phase 3.5B.1 — mode isolation
    # Subtest: Edit hides/suppresses gameplay input/HUD ownership
    ok 1 - Edit hides/suppresses gameplay input/HUD ownership
      ---
      duration_ms: 1.8569
      type: 'test'
      ...
    # Subtest: Play restores it
    ok 2 - Play restores it
      ---
      duration_ms: 0.7358
      type: 'test'
      ...
    # Subtest: Edit disables fog and Play restores it
    ok 3 - Edit disables fog and Play restores it
      ---
      duration_ms: 0.8853
      type: 'test'
      ...
    # Subtest: editor visibility follows editor focus rather than stale player region
    ok 4 - editor visibility follows editor focus rather than stale player region
      ---
      duration_ms: 0.8772
      type: 'test'
      ...
    # Subtest: no second rAF
    ok 5 - no second rAF
      ---
      duration_ms: 1.1466
      type: 'test'
      ...
    # Subtest: vertical pan is inverted
    ok 6 - vertical pan is inverted
      ---
      duration_ms: 0.6656
      type: 'test'
      ...
    # Subtest: forest boundaries non-occluding in EDIT only
    ok 7 - forest boundaries non-occluding in EDIT only
      ---
      duration_ms: 0.7242
      type: 'test'
      ...
    1..7
ok 623 - Phase 3.5B.1 — mode isolation
  ---
  duration_ms: 7.2491
  type: 'suite'
  ...
# Subtest: Phase 3.5B.2 — input ownership
    # Subtest: explicit disable prevents joystick start
    ok 1 - explicit disable prevents joystick start
      ---
      duration_ms: 1.9319
      type: 'test'
      ...
    # Subtest: explicit disable prevents right-side attack/swipe
    ok 2 - explicit disable prevents right-side attack/swipe
      ---
      duration_ms: 0.2681
      type: 'test'
      ...
    # Subtest: disabling clears active joystick/swipe/held attack state
    ok 3 - disabling clears active joystick/swipe/held attack state
      ---
      duration_ms: 0.4621
      type: 'test'
      ...
    # Subtest: re-enable restores normal input
    ok 4 - re-enable restores normal input
      ---
      duration_ms: 0.4039
      type: 'test'
      ...
    # Subtest: no dependence on window.__author global shape for correctness
    ok 5 - no dependence on window.__author global shape for correctness
      ---
      duration_ms: 1.7786
      type: 'test'
      ...
    1..5
ok 624 - Phase 3.5B.2 — input ownership
  ---
  duration_ms: 6.5068
  type: 'suite'
  ...
# Subtest: Phase 3.5B.2 — transform parity
    # Subtest: rotated blocking prop runtime collider receives same Y rotation as visual
    ok 1 - rotated blocking prop runtime collider receives same Y rotation as visual
      ---
      duration_ms: 282.6924
      type: 'test'
      ...
    # Subtest: elevated blocking prop collider center includes baseY
    ok 2 - elevated blocking prop collider center includes baseY
      ---
      duration_ms: 126.7516
      type: 'test'
      ...
    # Subtest: elevated platform/obstacle collision includes baseY if exposed
    ok 3 - elevated platform/obstacle collision includes baseY if exposed
      ---
      duration_ms: 103.8523
      type: 'test'
      ...
    # Subtest: W/D/Height mappings produce matching render/collider dimensions
    ok 4 - W/D/Height mappings produce matching render/collider dimensions
      ---
      duration_ms: 109.9489
      type: 'test'
      ...
    # Subtest: rotated footprint metadata is not stale where used
    ok 5 - rotated footprint metadata is not stale where used
      ---
      duration_ms: 100.6419
      type: 'test'
      ...
    1..5
ok 625 - Phase 3.5B.2 — transform parity
  ---
  duration_ms: 724.6968
  type: 'suite'
  ...
# Subtest: Phase 3.5B.2 — dimensions / preview
    # Subtest: prop Height edits size.h, not unused parallel field
    ok 1 - prop Height edits size.h, not unused parallel field
      ---
      duration_ms: 17.387
      type: 'test'
      ...
    # Subtest: live preview resize updates geometry
    ok 2 - live preview resize updates geometry
      ---
      duration_ms: 94.7529
      type: 'test'
      ...
    # Subtest: preview dimensions match builder dimensions after reload
    ok 3 - preview dimensions match builder dimensions after reload
      ---
      duration_ms: 116.6064
      type: 'test'
      ...
    # Subtest: pick/highlight proxy remains selectable after resize
    ok 4 - pick/highlight proxy remains selectable after resize
      ---
      duration_ms: 101.04
      type: 'test'
      ...
    1..4
ok 626 - Phase 3.5B.2 — dimensions / preview
  ---
  duration_ms: 330.2229
  type: 'suite'
  ...
# Subtest: Phase 3.5B.2 — Wildkin home
    # Subtest: move with checkbox ON applies equal spawn/home delta
    ok 1 - move with checkbox ON applies equal spawn/home delta
      ---
      duration_ms: 18.2948
      type: 'test'
      ...
    # Subtest: checkbox OFF leaves home unchanged
    ok 2 - checkbox OFF leaves home unchanged
      ---
      duration_ms: 15.1535
      type: 'test'
      ...
    # Subtest: explicit Home X/Z edit persists
    ok 3 - explicit Home X/Z edit persists
      ---
      duration_ms: 14.8534
      type: 'test'
      ...
    # Subtest: home marker reflects authored home
    ok 4 - home marker reflects authored home
      ---
      duration_ms: 1.0444
      type: 'test'
      ...
    1..4
ok 627 - Phase 3.5B.2 — Wildkin home
  ---
  duration_ms: 49.6668
  type: 'suite'
  ...
# Subtest: Phase 3.5B.2 — Reset
    # Subtest: canonical world and effective draft are distinct
    ok 1 - canonical world and effective draft are distinct
      ---
      duration_ms: 0.7735
      type: 'test'
      ...
    # Subtest: reset with differing persisted draft restores canonical values after reload/re-init
    ok 2 - reset with differing persisted draft restores canonical values after reload/re-init
      ---
      duration_ms: 20.9912
      type: 'test'
      ...
    # Subtest: reset does not immediately resurrect old draft
    ok 3 - reset does not immediately resurrect old draft
      ---
      duration_ms: 23.202
      type: 'test'
      ...
    1..3
ok 628 - Phase 3.5B.2 — Reset
  ---
  duration_ms: 45.3662
  type: 'suite'
  ...
# Subtest: Phase 3.5B.2 — Hierarchy
    # Subtest: hierarchy reflects current draft categories/regions
    ok 1 - hierarchy reflects current draft categories/regions
      ---
      duration_ms: 7.8393
      type: 'test'
      ...
    # Subtest: placed/duplicated/deleted object appears/disappears
    ok 2 - placed/duplicated/deleted object appears/disappears
      ---
      duration_ms: 35.71
      type: 'test'
      ...
    # Subtest: hierarchy selection selects correct ID
    ok 3 - hierarchy selection selects correct ID
      ---
      duration_ms: 1.1651
      type: 'test'
      ...
    # Subtest: moving object to another region updates hierarchy ownership
    ok 4 - moving object to another region updates hierarchy ownership
      ---
      duration_ms: 20.8578
      type: 'test'
      ...
    1..4
ok 629 - Phase 3.5B.2 — Hierarchy
  ---
  duration_ms: 65.9367
  type: 'suite'
  ...
# Subtest: Phase 3.5B.2 — existing guarantees
    # Subtest: one authoritative repo world source
    ok 1 - one authoritative repo world source
      ---
      duration_ms: 1.1885
      type: 'test'
      ...
    # Subtest: deterministic export/world stale guard
    ok 2 - deterministic export/world stale guard
      ---
      duration_ms: 20.2729
      type: 'test'
      ...
    # Subtest: one rAF
    ok 3 - one rAF
      ---
      duration_ms: 1.069
      type: 'test'
      ...
    1..3
ok 630 - Phase 3.5B.2 — existing guarantees
  ---
  duration_ms: 22.7628
  type: 'suite'
  ...
# Subtest: Phase 4A — persistent frontier progress
    # Subtest: fresh defaults initialize correctly
    ok 1 - fresh defaults initialize correctly
      ---
      duration_ms: 21.6407
      type: 'test'
      ...
    # Subtest: initial Major Waypoint is the only start unlocked on new save
    ok 2 - initial Major Waypoint is the only start unlocked on new save
      ---
      duration_ms: 4.6489
      type: 'test'
      ...
    # Subtest: unknown/removed saved IDs are filtered safely
    ok 3 - unknown/removed saved IDs are filtered safely
      ---
      duration_ms: 7.4913
      type: 'test'
      ...
    # Subtest: Major Waypoint activation persists across reload
    ok 4 - Major Waypoint activation persists across reload
      ---
      duration_ms: 4.2961
      type: 'test'
      ...
    # Subtest: Beacon discovery persists across reload
    ok 5 - Beacon discovery persists across reload
      ---
      duration_ms: 3.9107
      type: 'test'
      ...
    # Subtest: Beacon never enters selectable-start set
    ok 6 - Beacon never enters selectable-start set
      ---
      duration_ms: 4.304
      type: 'test'
      ...
    # Subtest: author-mode progress is isolated from normal progress
    ok 7 - author-mode progress is isolated from normal progress
      ---
      duration_ms: 3.9152
      type: 'test'
      ...
    # Subtest: bank operation secures XP and return receipt without copying the pack
    ok 8 - bank operation secures XP and return receipt without copying the pack
      ---
      duration_ms: 4.8707
      type: 'test'
      ...
    # Subtest: second resolve/bank attempt cannot double-credit
    ok 9 - second resolve/bank attempt cannot double-credit
      ---
      duration_ms: 3.4838
      type: 'test'
      ...
    1..9
ok 631 - Phase 4A — persistent frontier progress
  ---
  duration_ms: 61.002
  type: 'suite'
  ...
# Subtest: Phase 4A — expedition lifecycle
    # Subtest: starts in Camp/idle state
    ok 1 - starts in Camp/idle state
      ---
      duration_ms: 6.3288
      type: 'test'
      ...
    # Subtest: begin run sets active + chosen start anchor
    ok 2 - begin run sets active + chosen start anchor
      ---
      duration_ms: 2.9631
      type: 'test'
      ...
    # Subtest: extraction resolves once
    ok 3 - extraction resolves once
      ---
      duration_ms: 2.7143
      type: 'test'
      ...
    # Subtest: death resolves once
    ok 4 - death resolves once
      ---
      duration_ms: 3.1103
      type: 'test'
      ...
    # Subtest: return/new-run reset clears transient but not persistent
    ok 5 - return/new-run reset clears transient but not persistent
      ---
      duration_ms: 3.6221
      type: 'test'
      ...
    1..5
ok 632 - Phase 4A — expedition lifecycle
  ---
  duration_ms: 19.2426
  type: 'suite'
  ...
# Subtest: Phase 4A — Map/start selection
    # Subtest: gate/start mode exposes only unlocked Major Waypoints (logic check)
    ok 1 - gate/start mode exposes only unlocked Major Waypoints (logic check)
      ---
      duration_ms: 3.9155
      type: 'test'
      ...
    # Subtest: Extraction Beacons are not selectable starts (logic)
    ok 2 - Extraction Beacons are not selectable starts (logic)
      ---
      duration_ms: 2.6943
      type: 'test'
      ...
    # Subtest: first departure is deterministic (initial waypoint)
    ok 3 - first departure is deterministic (initial waypoint)
      ---
      duration_ms: 2.433
      type: 'test'
      ...
    # Subtest: choosing a valid waypoint resolves safe spawn/region
    ok 4 - choosing a valid waypoint resolves safe spawn/region
      ---
      duration_ms: 2.7445
      type: 'test'
      ...
    1..4
ok 633 - Phase 4A — Map/start selection
  ---
  duration_ms: 12.0465
  type: 'suite'
  ...
# Subtest: Phase 4A — anchor interaction guards
    # Subtest: new Major Waypoint unlocks before outcome and survives later death
    ok 1 - new Major Waypoint unlocks before outcome and survives later death
      ---
      duration_ms: 3.024
      type: 'test'
      ...
    # Subtest: Beacon discovery persists but never unlocks start
    ok 2 - Beacon discovery persists but never unlocks start
      ---
      duration_ms: 3.369
      type: 'test'
      ...
    # Subtest: KEEP GOING requires leaving radius before reprompt
    ok 3 - KEEP GOING requires leaving radius before reprompt
      ---
      duration_ms: 3.6376
      type: 'test'
      ...
    # Subtest: starting waypoint is initially disarmed until player exits radius
    ok 4 - starting waypoint is initially disarmed until player exits radius
      ---
      duration_ms: 3.1365
      type: 'test'
      ...
    # Subtest: Camp gate return uses same extraction outcome pipeline (session resolve)
    ok 5 - Camp gate return uses same extraction outcome pipeline (session resolve)
      ---
      duration_ms: 3.3593
      type: 'test'
      ...
    1..5
ok 634 - Phase 4A — anchor interaction guards
  ---
  duration_ms: 16.8066
  type: 'suite'
  ...
# Subtest: Phase 4A — cargo outcome
    # Subtest: extraction keeps physical pack, secures XP and clears session summary
    ok 1 - extraction keeps physical pack, secures XP and clears session summary
      ---
      duration_ms: 3.3269
      type: 'test'
      ...
    # Subtest: death banks none and clears them
    ok 2 - death banks none and clears them
      ---
      duration_ms: 3.5636
      type: 'test'
      ...
    # Subtest: waypoint/beacon discoveries remain after death
    ok 3 - waypoint/beacon discoveries remain after death
      ---
      duration_ms: 2.9755
      type: 'test'
      ...
    1..3
ok 635 - Phase 4A — cargo outcome
  ---
  duration_ms: 10.077
  type: 'suite'
  ...
# Subtest: Phase 4A — guidance helper deterministic
    # Subtest: best extraction target picks nearest gate/beacon/waypoint
    ok 1 - best extraction target picks nearest gate/beacon/waypoint
      ---
      duration_ms: 0.414
      type: 'test'
      ...
    1..1
ok 636 - Phase 4A — guidance helper deterministic
  ---
  duration_ms: 0.5289
  type: 'suite'
  ...
# Subtest: Phase 4A — world generation validation
    # Subtest: initialMajorWaypoint exists and references majorWaypoint
    ok 1 - initialMajorWaypoint exists and references majorWaypoint
      ---
      duration_ms: 3.9982
      type: 'test'
      ...
    # Subtest: camp frontierGateId exists and references gate
    ok 2 - camp frontierGateId exists and references gate
      ---
      duration_ms: 3.918
      type: 'test'
      ...
    # Subtest: spawn offset is finite and spawn resolves to valid region
    ok 3 - spawn offset is finite and spawn resolves to valid region
      ---
      duration_ms: 2.5895
      type: 'test'
      ...
    # Subtest: one rAF remains
    ok 4 - one rAF remains
      ---
      duration_ms: 0.8874
      type: 'test'
      ...
    1..4
ok 637 - Phase 4A — world generation validation
  ---
  duration_ms: 11.6214
  type: 'suite'
  ...
# Subtest: Phase 4A.1 — fresh launch / gate
    # Subtest: Camp start is camp status with no modal implied by initial overlap
    ok 1 - Camp start is camp status with no modal implied by initial overlap
      ---
      duration_ms: 20.0904
      type: 'test'
      ...
    # Subtest: authored Camp spawn resolves separately from gate
    ok 2 - authored Camp spawn resolves separately from gate
      ---
      duration_ms: 3.2401
      type: 'test'
      ...
    # Subtest: anchor system prime does not treat initial overlap as fresh entry
    ok 3 - anchor system prime does not treat initial overlap as fresh entry
      ---
      duration_ms: 5.2471
      type: 'test'
      ...
    # Subtest: leaving then entering Camp gate fires start prompt once
    ok 4 - leaving then entering Camp gate fires start prompt once
      ---
      duration_ms: 3.3018
      type: 'test'
      ...
    1..4
ok 638 - Phase 4A.1 — fresh launch / gate
  ---
  duration_ms: 33.5846
  type: 'suite'
  ...
# Subtest: Phase 4A.1 — selected-start suppression
    # Subtest: begin run from initial waypoint does not immediately prompt
    ok 1 - begin run from initial waypoint does not immediately prompt
      ---
      duration_ms: 3.5657
      type: 'test'
      ...
    # Subtest: suppression remains while inside and arms after leaving
    ok 2 - suppression remains while inside and arms after leaving
      ---
      duration_ms: 3.2105
      type: 'test'
      ...
    # Subtest: deeper waypoint also suppressed generically
    ok 3 - deeper waypoint also suppressed generically
      ---
      duration_ms: 8.1268
      type: 'test'
      ...
    # Subtest: KEEP GOING still requires leave/re-entry after suppression cleared
    ok 4 - KEEP GOING still requires leave/re-entry after suppression cleared
      ---
      duration_ms: 3.2103
      type: 'test'
      ...
    1..4
ok 639 - Phase 4A.1 — selected-start suppression
  ---
  duration_ms: 18.6264
  type: 'suite'
  ...
# Subtest: Phase 4A.1 — interaction restore
    # Subtest: after Map start selection closes: active, not blocked, harvesting/attack gates true
    ok 1 - after Map start selection closes: active, not blocked, harvesting/attack gates true
      ---
      duration_ms: 2.7542
      type: 'test'
      ...
    1..1
ok 640 - Phase 4A.1 — interaction restore
  ---
  duration_ms: 3.2089
  type: 'suite'
  ...
# Subtest: Phase 4A.1 — player-facing labels
    # Subtest: Map helper prefers displayName
    ok 1 - Map helper prefers displayName
      ---
      duration_ms: 2.6982
      type: 'test'
      ...
    # Subtest: normal Map model does not require raw IDs
    ok 2 - normal Map model does not require raw IDs
      ---
      duration_ms: 2.5567
      type: 'test'
      ...
    # Subtest: Beacon remains non-start-selectable (ids distinct)
    ok 3 - Beacon remains non-start-selectable (ids distinct)
      ---
      duration_ms: 4.5382
      type: 'test'
      ...
    1..3
ok 641 - Phase 4A.1 — player-facing labels
  ---
  duration_ms: 10.0769
  type: 'suite'
  ...
# Subtest: Phase 4A.1 — Ground Patch
    # Subtest: authored Ground Patch produces matching visual/collider transform and dimensions
    ok 1 - authored Ground Patch produces matching visual/collider transform and dimensions
      ---
      duration_ms: 308.6154
      type: 'test'
      ...
    # Subtest: collision-disabled ground produces no collider
    ok 2 - collision-disabled ground produces no collider
      ---
      duration_ms: 140.4496
      type: 'test'
      ...
    # Subtest: exported/reloaded patch deterministic
    ok 3 - exported/reloaded patch deterministic
      ---
      duration_ms: 44.9678
      type: 'test'
      ...
    1..3
ok 642 - Phase 4A.1 — Ground Patch
  ---
  duration_ms: 494.5893
  type: 'suite'
  ...
# Subtest: Phase 4A.1 — Boundary
    # Subtest: no automatic physical world-edge walls generated from bounds
    ok 1 - no automatic physical world-edge walls generated from bounds
      ---
      duration_ms: 97.4495
      type: 'test'
      ...
    # Subtest: authored boundary produces collider
    ok 2 - authored boundary produces collider
      ---
      duration_ms: 94.176
      type: 'test'
      ...
    # Subtest: delete/disable collision removes it on next authoritative Play build
    ok 3 - delete/disable collision removes it on next authoritative Play build
      ---
      duration_ms: 212.8701
      type: 'test'
      ...
    # Subtest: hidden-in-play boundary remains represented by Edit proxy path
    ok 4 - hidden-in-play boundary remains represented by Edit proxy path
      ---
      duration_ms: 102.2474
      type: 'test'
      ...
    1..4
ok 643 - Phase 4A.1 — Boundary
  ---
  duration_ms: 507.0509
  type: 'suite'
  ...
# Subtest: Phase 4A.1 — presentation/static collision
    # Subtest: collision flag respected for box/fence
    ok 1 - collision flag respected for box/fence
      ---
      duration_ms: 182.67
      type: 'test'
      ...
    # Subtest: visibility flag respected
    ok 2 - visibility flag respected
      ---
      duration_ms: 80.9962
      type: 'test'
      ...
    # Subtest: opacity/tint normalize and persist
    ok 3 - opacity/tint normalize and persist
      ---
      duration_ms: 24.5845
      type: 'test'
      ...
    # Subtest: one object's tint/opacity does not mutate sibling materials globally
    ok 4 - one object's tint/opacity does not mutate sibling materials globally
      ---
      duration_ms: 162.0249
      type: 'test'
      ...
    # Subtest: hidden collider still author-selectable via proxy metadata/path
    ok 5 - hidden collider still author-selectable via proxy metadata/path
      ---
      duration_ms: 94.476
      type: 'test'
      ...
    1..5
ok 644 - Phase 4A.1 — presentation/static collision
  ---
  duration_ms: 545.1227
  type: 'suite'
  ...
# Subtest: Phase 4A.1 — existing guarantees
    # Subtest: one rAF
    ok 1 - one rAF
      ---
      duration_ms: 1.7338
      type: 'test'
      ...
    # Subtest: deterministic world generation/check
    ok 2 - deterministic world generation/check
      ---
      duration_ms: 1150.2496
      type: 'test'
      ...
    1..2
ok 645 - Phase 4A.1 — existing guarantees
  ---
  duration_ms: 1152.2471
  type: 'suite'
  ...
# Subtest: Phase 4A.2 — canonical descriptor parity
    # Subtest: Ground Patch move/rotate/elevate/resize → canonical → Edit → runtime → Rapier parity
    ok 1 - Ground Patch move/rotate/elevate/resize → canonical → Edit → runtime → Rapier parity
      ---
      duration_ms: 282.1364
      type: 'test'
      ...
    # Subtest: Boundary Collider base-Y convention parity
    ok 2 - Boundary Collider base-Y convention parity
      ---
      duration_ms: 15.9724
      type: 'test'
      ...
    # Subtest: newly placed hidden collidable Boundary immediately has Edit proxy
    ok 3 - newly placed hidden collidable Boundary immediately has Edit proxy
      ---
      duration_ms: 131.4727
      type: 'test'
      ...
    # Subtest: all four visibleInPlay × collisionEnabled combinations
    ok 4 - all four visibleInPlay × collisionEnabled combinations
      ---
      duration_ms: 423.4927
      type: 'test'
      ...
    # Subtest: opacity 1→0.4→1 and tint apply/remove restore defaults
    ok 5 - opacity 1→0.4→1 and tint apply/remove restore defaults
      ---
      duration_ms: 36.1293
      type: 'test'
      ...
    # Subtest: invalid inspector mutation does not alter/persist canonical draft
    ok 6 - invalid inspector mutation does not alter/persist canonical draft
      ---
      duration_ms: 12.7117
      type: 'test'
      ...
    # Subtest: invalid placement/region move does not corrupt canonical draft
    ok 7 - invalid placement/region move does not corrupt canonical draft
      ---
      duration_ms: 12.9966
      type: 'test'
      ...
    # Subtest: Play transition refuses invalid draft before corruption
    ok 8 - Play transition refuses invalid draft before corruption
      ---
      duration_ms: 10.9266
      type: 'test'
      ...
    # Subtest: object can move beyond old ±12/±11 rectangle
    ok 9 - object can move beyond old ±12/±11 rectangle
      ---
      duration_ms: 15.4533
      type: 'test'
      ...
    # Subtest: current-draft region query reflects edited bounds rather than startup registry
    ok 10 - current-draft region query reflects edited bounds rather than startup registry
      ---
      duration_ms: 13.1423
      type: 'test'
      ...
    # Subtest: section-local bounds may overlap
    ok 11 - section-local bounds may overlap
      ---
      duration_ms: 5.7332
      type: 'test'
      ...
    # Subtest: point-owned object preserves its section unless ownership is explicit
    ok 12 - point-owned object preserves its section unless ownership is explicit
      ---
      duration_ms: 22.8977
      type: 'test'
      ...
    # Subtest: traversal/static transform finite/positive checks
    ok 13 - traversal/static transform finite/positive checks
      ---
      duration_ms: 9.7674
      type: 'test'
      ...
    # Subtest: hierarchy expanded-state preserved (unit: save/restore keys)
    ok 14 - hierarchy expanded-state preserved (unit: save/restore keys)
      ---
      duration_ms: 0.1866
      type: 'test'
      ...
    # Subtest: shortcuts ignored while inspector input focused (logic)
    ok 15 - shortcuts ignored while inspector input focused (logic)
      ---
      duration_ms: 0.163
      type: 'test'
      ...
    # Subtest: undo/redo restores canonical draft and selection
    ok 16 - undo/redo restores canonical draft and selection
      ---
      duration_ms: 26.02
      type: 'test'
      ...
    1..16
ok 646 - Phase 4A.2 — canonical descriptor parity
  ---
  duration_ms: 1021.9021
  type: 'suite'
  ...
# Subtest: Phase 4A.2 — spawn
    # Subtest: every Camp/Waypoint spawn strictly belongs to intended region
    ok 1 - every Camp/Waypoint spawn strictly belongs to intended region
      ---
      duration_ms: 3.2891
      type: 'test'
      ...
    # Subtest: spawn is supported by walkable surface and clear of blocking colliders (light)
    ok 2 - spawn is supported by walkable surface and clear of blocking colliders (light)
      ---
      duration_ms: 2.5962
      type: 'test'
      ...
    # Subtest: Forest Edge begins inside Forest Edge
    ok 3 - Forest Edge begins inside Forest Edge
      ---
      duration_ms: 2.4519
      type: 'test'
      ...
    # Subtest: authored facing is applied
    ok 4 - authored facing is applied
      ---
      duration_ms: 2.4333
      type: 'test'
      ...
    # Subtest: selected run-start Waypoint does not immediately expose extract until suppression
    ok 5 - selected run-start Waypoint does not immediately expose extract until suppression
      ---
      duration_ms: 9.1607
      type: 'test'
      ...
    1..5
ok 647 - Phase 4A.2 — spawn
  ---
  duration_ms: 20.3139
  type: 'suite'
  ...
# Subtest: Phase 4A.2 — input/UI
    # Subtest: realistic desktop mouse sequence produces exactly one attack request (ownership)
    ok 1 - realistic desktop mouse sequence produces exactly one attack request (ownership)
      ---
      duration_ms: 0.8711
      type: 'test'
      ...
    # Subtest: F/touch tap/touch hold/swipe behavior remains accepted
    ok 2 - F/touch tap/touch hold/swipe behavior remains accepted
      ---
      duration_ms: 0.1727
      type: 'test'
      ...
    # Subtest: upper-left HUD does not overlap at narrow portrait width
    ok 3 - upper-left HUD does not overlap at narrow portrait width
      ---
      duration_ms: 0.4731
      type: 'test'
      ...
    # Subtest: camera projection sends north/south/east/west targets to correct screen edge and handles behind-camera
    ok 4 - camera projection sends north/south/east/west targets to correct screen edge and handles behind-camera
      ---
      duration_ms: 4.2437
      type: 'test'
      ...
    # Subtest: undiscovered extraction anchors excluded; endpoint does not self-point
    ok 5 - undiscovered extraction anchors excluded; endpoint does not self-point
      ---
      duration_ms: 9.2712
      type: 'test'
      ...
    1..5
ok 648 - Phase 4A.2 — input/UI
  ---
  duration_ms: 15.3398
  type: 'suite'
  ...
# Subtest: Phase 4A.2 — persistence/session
    # Subtest: two distinct runIds with identical cargo/XP both bank
    ok 1 - two distinct runIds with identical cargo/XP both bank
      ---
      duration_ms: 8.8784
      type: 'test'
      ...
    # Subtest: same runId cannot bank twice
    ok 2 - same runId cannot bank twice
      ---
      duration_ms: 5.8485
      type: 'test'
      ...
    # Subtest: beginRun resets maxDepth/temporary summary/resolution state
    ok 3 - beginRun resets maxDepth/temporary summary/resolution state
      ---
      duration_ms: 4.1558
      type: 'test'
      ...
    1..3
ok 649 - Phase 4A.2 — persistence/session
  ---
  duration_ms: 19.2682
  type: 'suite'
  ...
# Subtest: Phase 4A.2 — interaction
    # Subtest: first Waypoint discovery persists once + emits one activation event
    ok 1 - first Waypoint discovery persists once + emits one activation event
      ---
      duration_ms: 4.1526
      type: 'test'
      ...
    # Subtest: first Beacon discovery same
    ok 2 - first Beacon discovery same
      ---
      duration_ms: 3.5586
      type: 'test'
      ...
    # Subtest: re-entry does not replay activation event
    ok 3 - re-entry does not replay activation event
      ---
      duration_ms: 3.1437
      type: 'test'
      ...
    # Subtest: proximity alone does not open extraction modal
    ok 4 - proximity alone does not open extraction modal
      ---
      duration_ms: 2.8572
      type: 'test'
      ...
    # Subtest: contextual EXTRACT invokes normal extraction pipeline
    ok 5 - contextual EXTRACT invokes normal extraction pipeline
      ---
      duration_ms: 3.095
      type: 'test'
      ...
    # Subtest: Camp START EXPEDITION opens Map without walking through closed collider
    ok 6 - Camp START EXPEDITION opens Map without walking through closed collider
      ---
      duration_ms: 2.65
      type: 'test'
      ...
    # Subtest: closing Map keeps Camp state/gate closed
    ok 7 - closing Map keeps Camp state/gate closed
      ---
      duration_ms: 2.6165
      type: 'test'
      ...
    # Subtest: RETURN & SECURE uses same idempotent banking/result path
    ok 8 - RETURN & SECURE uses same idempotent banking/result path
      ---
      duration_ms: 2.9441
      type: 'test'
      ...
    1..8
ok 650 - Phase 4A.2 — interaction
  ---
  duration_ms: 25.4395
  type: 'suite'
  ...
# Subtest: Phase 4A.2.1 — Author canonical ownership & preview atomics
    # Subtest: getDraft and findObjectById return snapshots; mutating them does not affect canonical draft
    ok 1 - getDraft and findObjectById return snapshots; mutating them does not affect canonical draft
      ---
      duration_ms: 10.9743
      type: 'test'
      ...
    # Subtest: invalid inspector mutation via updateTransform leaves canonical draft and persisted draft unchanged
    ok 2 - invalid inspector mutation via updateTransform leaves canonical draft and persisted draft unchanged
      ---
      duration_ms: 15.3043
      type: 'test'
      ...
    # Subtest: invalid drag release (outside unique region) restores canonical preview and shows error
    ok 3 - invalid drag release (outside unique region) restores canonical preview and shows error
      ---
      duration_ms: 14.1105
      type: 'test'
      ...
    # Subtest: Esc drag cancel restores canonical preview (no commit)
    ok 4 - Esc drag cancel restores canonical preview (no commit)
      ---
      duration_ms: 6.766
      type: 'test'
      ...
    # Subtest: placement commits final transform atomically in one history entry
    ok 5 - placement commits final transform atomically in one history entry
      ---
      duration_ms: 29.2448
      type: 'test'
      ...
    # Subtest: Play refusal keeps full Edit mode/suppression state (validate before Play)
    ok 6 - Play refusal keeps full Edit mode/suppression state (validate before Play)
      ---
      duration_ms: 27.2237
      type: 'test'
      ...
    # Subtest: undo/redo reconciles scene objects for placement/deletion
    ok 7 - undo/redo reconciles scene objects for placement/deletion
      ---
      duration_ms: 43.2205
      type: 'test'
      ...
    # Subtest: ground move/resize/elevate/rotate updates live preview via descriptor parity
    ok 8 - ground move/resize/elevate/rotate updates live preview via descriptor parity
      ---
      duration_ms: 267.0821
      type: 'test'
      ...
    # Subtest: newly placed hidden Boundary immediately owns a visible Edit proxy
    ok 9 - newly placed hidden Boundary immediately owns a visible Edit proxy
      ---
      duration_ms: 135.0894
      type: 'test'
      ...
    1..9
ok 651 - Phase 4A.2.1 — Author canonical ownership & preview atomics
  ---
  duration_ms: 551.7112
  type: 'suite'
  ...
# Subtest: Phase 4A.2.1 — Spawn repair
    # Subtest: Run Spawn drag changes canonical runSpawn.position and persists
    ok 1 - Run Spawn drag changes canonical runSpawn.position and persists
      ---
      duration_ms: 24.9957
      type: 'test'
      ...
    # Subtest: Q/E changes facingYaw for spawns, not rotY
    ok 2 - Q/E changes facingYaw for spawns, not rotY
      ---
      duration_ms: 27.0963
      type: 'test'
      ...
    # Subtest: marker children use local transforms relative to one world-positioned group (no double world application)
    ok 3 - marker children use local transforms relative to one world-positioned group (no double world application)
      ---
      duration_ms: 17.7427
      type: 'test'
      ...
    # Subtest: elevated authored Y produces correct runtime capsule center via collider half extents
    ok 4 - elevated authored Y produces correct runtime capsule center via collider half extents
      ---
      duration_ms: 0.2758
      type: 'test'
      ...
    # Subtest: facing applies to player state (derived from spawn)
    ok 5 - facing applies to player state (derived from spawn)
      ---
      duration_ms: 4.4295
      type: 'test'
      ...
    # Subtest: support/clearance validator rejects an actually blocked spawn
    ok 6 - support/clearance validator rejects an actually blocked spawn
      ---
      duration_ms: 4.8433
      type: 'test'
      ...
    1..6
ok 652 - Phase 4A.2.1 — Spawn repair
  ---
  duration_ms: 80.0294
  type: 'suite'
  ...
# Subtest: Phase 4A.2.1 — explicit section ownership
    # Subtest: Beacon crossing section bounds requires an explicit section move
    ok 1 - Beacon crossing section bounds requires an explicit section move
      ---
      duration_ms: 21.9667
      type: 'test'
      ...
    # Subtest: ambiguous/outside final position rejects without canonical mutation
    ok 2 - ambiguous/outside final position rejects without canonical mutation
      ---
      duration_ms: 10.9505
      type: 'test'
      ...
    # Subtest: Waypoint with runSpawn that would become invalid in new region is rejected
    ok 3 - Waypoint with runSpawn that would become invalid in new region is rejected
      ---
      duration_ms: 7.596
      type: 'test'
      ...
    1..3
ok 653 - Phase 4A.2.1 — explicit section ownership
  ---
  duration_ms: 40.778
  type: 'suite'
  ...
# Subtest: Phase 4A.2.1 — Input latch
    # Subtest: quick tap survives zero-substep render frame and reaches exactly one Field Tool update
    ok 1 - quick tap survives zero-substep render frame and reaches exactly one Field Tool update
      ---
      duration_ms: 0.2697
      type: 'test'
      ...
    1..1
ok 654 - Phase 4A.2.1 — Input latch
  ---
  duration_ms: 0.3812
  type: 'suite'
  ...
# Subtest: Phase 4A.2.1 — rAF single owner
    # Subtest: only authoritative game-loop owns requestAnimationFrame loop in first-party runtime source
    ok 1 - only authoritative game-loop owns requestAnimationFrame loop in first-party runtime source
      ---
      duration_ms: 160.4159
      type: 'test'
      ...
    1..1
ok 655 - Phase 4A.2.1 — rAF single owner
  ---
  duration_ms: 160.5545
  type: 'suite'
  ...
# Subtest: Phase 4A.2.1 — Activation pulse Y and tick
    # Subtest: activation pulse uses authored world Y and is tick-driven
    ok 1 - activation pulse uses authored world Y and is tick-driven
      ---
      duration_ms: 0.5771
      type: 'test'
      ...
    1..1
ok 656 - Phase 4A.2.1 — Activation pulse Y and tick
  ---
  duration_ms: 0.7027
  type: 'suite'
  ...
# Subtest: Phase 4A.2.1 — Frontier indicators
    # Subtest: deepest endpoint returns no deeper-progress target (no backward pointing)
    ok 1 - deepest endpoint returns no deeper-progress target (no backward pointing)
      ---
      duration_ms: 3.4469
      type: 'test'
      ...
    # Subtest: reuses DOM nodes instead of destroying/recreating each frame
    ok 2 - reuses DOM nodes instead of destroying/recreating each frame
      ---
      duration_ms: 0.4924
      type: 'test'
      ...
    1..2
ok 657 - Phase 4A.2.1 — Frontier indicators
  ---
  duration_ms: 4.1114
  type: 'suite'
  ...
# Subtest: Phase 4A.2.1 — Static capabilities and material reset
    # Subtest: Water does not advertise unsupported collision
    ok 1 - Water does not advertise unsupported collision
      ---
      duration_ms: 0.1734
      type: 'test'
      ...
    # Subtest: tint removal and opacity 1->0.4->1 restores correctly via descriptor
    ok 2 - tint removal and opacity 1->0.4->1 restores correctly via descriptor
      ---
      duration_ms: 39.4334
      type: 'test'
      ...
    1..2
ok 658 - Phase 4A.2.1 — Static capabilities and material reset
  ---
  duration_ms: 39.7658
  type: 'suite'
  ...
# Subtest: Phase 4A.2.2 — AuthorTypeRegistry contract
    # Subtest: every current authorable world object resolves to exactly one Author type
    ok 1 - every current authorable world object resolves to exactly one Author type
      ---
      duration_ms: 7.3616
      type: 'test'
      ...
    # Subtest: capabilities come from registry, not hard-coded UI helpers
    ok 2 - capabilities come from registry, not hard-coded UI helpers
      ---
      duration_ms: 22.7919
      type: 'test'
      ...
    1..2
ok 659 - Phase 4A.2.2 — AuthorTypeRegistry contract
  ---
  duration_ms: 31.8414
  type: 'suite'
  ...
# Subtest: Phase 4A.2.2 — normalized transform adapters
    # Subtest: Platform drag via normalized transform writes canonical x/z without shadow pos
    ok 1 - Platform drag via normalized transform writes canonical x/z without shadow pos
      ---
      duration_ms: 49.8089
      type: 'test'
      ...
    # Subtest: Platform rotation/resize reaches visual + collider descriptor
    ok 2 - Platform rotation/resize reaches visual + collider descriptor
      ---
      duration_ms: 17.4485
      type: 'test'
      ...
    # Subtest: adapter round-trip never creates shadow transform fields
    ok 3 - adapter round-trip never creates shadow transform fields
      ---
      duration_ms: 77.7239
      type: 'test'
      ...
    1..3
ok 660 - Phase 4A.2.2 — normalized transform adapters
  ---
  duration_ms: 145.5204
  type: 'suite'
  ...
# Subtest: Phase 4A.2.2 — Ladder proof
    # Subtest: Ladder move/rotate/resize updates all required dependent climb fields
    ok 1 - Ladder move/rotate/resize updates all required dependent climb fields
      ---
      duration_ms: 22.5071
      type: 'test'
      ...
    # Subtest: Ladder placement creates actual Ladder geometry immediately (no placeholder Box)
    ok 2 - Ladder placement creates actual Ladder geometry immediately (no placeholder Box)
      ---
      duration_ms: 44.4041
      type: 'test'
      ...
    1..2
ok 661 - Phase 4A.2.2 — Ladder proof
  ---
  duration_ms: 67.3327
  type: 'suite'
  ...
# Subtest: Phase 4A.2.2 — Tree proof
    # Subtest: Tree placement creates actual Tree geometry immediately
    ok 1 - Tree placement creates actual Tree geometry immediately
      ---
      duration_ms: 31.8591
      type: 'test'
      ...
    # Subtest: Tree rotation/uniform scale writes canonical and scales collider coherently
    ok 2 - Tree rotation/uniform scale writes canonical and scales collider coherently
      ---
      duration_ms: 20.9678
      type: 'test'
      ...
    # Subtest: Existing procedural resource visuals use deterministic object-ID-derived variation
    ok 3 - Existing procedural resource visuals use deterministic object-ID-derived variation
      ---
      duration_ms: 17.394
      type: 'test'
      ...
    1..3
ok 662 - Phase 4A.2.2 — Tree proof
  ---
  duration_ms: 70.6166
  type: 'suite'
  ...
# Subtest: Phase 4A.2.2 — Box proof + proxy lifecycle
    # Subtest: Box normalized transform, dimensions, presentation, collision descriptor, live hidden proxy
    ok 1 - Box normalized transform, dimensions, presentation, collision descriptor, live hidden proxy
      ---
      duration_ms: 223.2598
      type: 'test'
      ...
    # Subtest: changing already-visible collidable Box to hidden must create proxy immediately without Play->Edit (live)
    ok 2 - changing already-visible collidable Box to hidden must create proxy immediately without Play->Edit (live)
      ---
      duration_ms: 33.1963
      type: 'test'
      ...
    1..2
ok 663 - Phase 4A.2.2 — Box proof + proxy lifecycle
  ---
  duration_ms: 256.746
  type: 'suite'
  ...
# Subtest: Phase 4A.2.2 — Boundary parity via shared contract
    # Subtest: existing Boundary edits through same contract as newly placed
    ok 1 - existing Boundary edits through same contract as newly placed
      ---
      duration_ms: 28.9789
      type: 'test'
      ...
    1..1
ok 664 - Phase 4A.2.2 — Boundary parity via shared contract
  ---
  duration_ms: 29.1177
  type: 'suite'
  ...
# Subtest: Phase 4A.2.2 — inspector fields transactional
    # Subtest: Wildkin custom metadata actually persists via inspector field writer
    ok 1 - Wildkin custom metadata actually persists via inspector field writer
      ---
      duration_ms: 48.393
      type: 'test'
      ...
    # Subtest: POI requirements actually persist via inspector
    ok 2 - POI requirements actually persist via inspector
      ---
      duration_ms: 36.4824
      type: 'test'
      ...
    # Subtest: Waypoint/Beacon displayName via inspector persists
    ok 3 - Waypoint/Beacon displayName via inspector persists
      ---
      duration_ms: 15.0998
      type: 'test'
      ...
    # Subtest: gameplay keyboard ownership leaves spaces available to display-name fields
    ok 4 - gameplay keyboard ownership leaves spaces available to display-name fields
      ---
      duration_ms: 0.2953
      type: 'test'
      ...
    1..4
ok 665 - Phase 4A.2.2 — inspector fields transactional
  ---
  duration_ms: 100.5561
  type: 'suite'
  ...
# Subtest: Phase 4A.2.2 — runtime resource transform persistence
    # Subtest: Tree, Rock, and Fiber keep authored rotation and uniform scale in Play
    ok 1 - Tree, Rock, and Fiber keep authored rotation and uniform scale in Play
      ---
      duration_ms: 118.5129
      type: 'test'
      ...
    1..1
ok 666 - Phase 4A.2.2 — runtime resource transform persistence
  ---
  duration_ms: 118.6412
  type: 'suite'
  ...
# Subtest: Phase 4A.2.2 — VisualRef / VisualFactory seam
    # Subtest: proof objects use same VisualRef construction path in Edit and Play
    ok 1 - proof objects use same VisualRef construction path in Edit and Play
      ---
      duration_ms: 19.4811
      type: 'test'
      ...
    # Subtest: collision descriptor transform matches visual root transform for proof objects
    ok 2 - collision descriptor transform matches visual root transform for proof objects
      ---
      duration_ms: 6.8801
      type: 'test'
      ...
    1..2
ok 667 - Phase 4A.2.2 — VisualRef / VisualFactory seam
  ---
  duration_ms: 26.5769
  type: 'suite'
  ...
# Subtest: Phase 4A.2.2 — sibling sweep
    # Subtest: Platform / Obstacle via same box descriptor
    ok 1 - Platform / Obstacle via same box descriptor
      ---
      duration_ms: 31.2009
      type: 'test'
      ...
    # Subtest: Rock / Fiber uniform scale
    ok 2 - Rock / Fiber uniform scale
      ---
      duration_ms: 30.2473
      type: 'test'
      ...
    # Subtest: Fence / Gate / Forest Boundary via same prop descriptor
    ok 3 - Fence / Gate / Forest Boundary via same prop descriptor
      ---
      duration_ms: 40.5492
      type: 'test'
      ...
    # Subtest: Ground / Boundary via same box descriptor
    ok 4 - Ground / Boundary via same box descriptor
      ---
      duration_ms: 33.3487
      type: 'test'
      ...
    # Subtest: Drop Pod / Resonator via same visual
    ok 5 - Drop Pod / Resonator via same visual
      ---
      duration_ms: 17.0163
      type: 'test'
      ...
    # Subtest: Water / Island
    ok 6 - Water / Island
      ---
      duration_ms: 9.3652
      type: 'test'
      ...
    # Subtest: Waypoint / Beacon / POI via same contract
    ok 7 - Waypoint / Beacon / POI via same contract
      ---
      duration_ms: 50.2123
      type: 'test'
      ...
    # Subtest: Rusher / Spitter wildkin metadata via same inspector
    ok 8 - Rusher / Spitter wildkin metadata via same inspector
      ---
      duration_ms: 30.6786
      type: 'test'
      ...
    # Subtest: Camp / Run Spawn preserves facing via normalized
    ok 9 - Camp / Run Spawn preserves facing via normalized
      ---
      duration_ms: 27.9525
      type: 'test'
      ...
    1..9
ok 668 - Phase 4A.2.2 — sibling sweep
  ---
  duration_ms: 271.3167
  type: 'suite'
  ...
# Subtest: Phase 4B.0 — Visual Asset schema
    # Subtest: normalizes optional visualAssets and validates the canonical recipe
    ok 1 - normalizes optional visualAssets and validates the canonical recipe
      ---
      duration_ms: 18.081
      type: 'test'
      ...
    # Subtest: rejects duplicate assets/parts, unsupported shapes, invalid scale, and unresolved instances
    ok 2 - rejects duplicate assets/parts, unsupported shapes, invalid scale, and unresolved instances
      ---
      duration_ms: 16.7613
      type: 'test'
      ...
    # Subtest: validates asset gameplay roles and their referenced resource drops
    ok 3 - validates asset gameplay roles and their referenced resource drops
      ---
      duration_ms: 5.887
      type: 'test'
      ...
    1..3
ok 669 - Phase 4B.0 — Visual Asset schema
  ---
  duration_ms: 42.3246
  type: 'suite'
  ...
# Subtest: Phase 4B.0 — starter primitive kit
    # Subtest: ships every requested low-poly recipe as editable primitives
    ok 1 - ships every requested low-poly recipe as editable primitives
      ---
      duration_ms: 0.7804
      type: 'test'
      ...
    1..1
ok 670 - Phase 4B.0 — starter primitive kit
  ---
  duration_ms: 0.9828
  type: 'suite'
  ...
# Subtest: Phase 4B.0 — Asset Workbench controls
    # Subtest: maps the documented rotate and vertical shortcuts to local part edits
    ok 1 - maps the documented rotate and vertical shortcuts to local part edits
      ---
      duration_ms: 0.6501
      type: 'test'
      ...
    # Subtest: dollies on the view ray at fixed pitch and pans vertically in camera space
    ok 2 - dollies on the view ray at fixed pitch and pans vertically in camera space
      ---
      duration_ms: 0.54
      type: 'test'
      ...
    # Subtest: keeps camera orbit independent from the part rotation step
    ok 3 - keeps camera orbit independent from the part rotation step
      ---
      duration_ms: 0.462
      type: 'test'
      ...
    1..3
ok 671 - Phase 4B.0 — Asset Workbench controls
  ---
  duration_ms: 2.1021
  type: 'suite'
  ...
# Subtest: Phase 4B.0 — VisualFactory asset source
    # Subtest: renders all six primitive shapes with stable part metadata
    ok 1 - renders all six primitive shapes with stable part metadata
      ---
      duration_ms: 11.0816
      type: 'test'
      ...
    # Subtest: is deterministic, recipe-keyed, and fails missing canonical assets explicitly
    ok 2 - is deterministic, recipe-keyed, and fails missing canonical assets explicitly
      ---
      duration_ms: 1.2385
      type: 'test'
      ...
    1..2
ok 672 - Phase 4B.0 — VisualFactory asset source
  ---
  duration_ms: 12.7966
  type: 'suite'
  ...
# Subtest: Phase 4B.0 — production Author actions and preview reconciliation
    # Subtest: creates/edits/undoes an asset transactionally, places two references, and keeps instance transforms independent
    ok 1 - creates/edits/undoes an asset transactionally, places two references, and keeps instance transforms independent
      ---
      duration_ms: 135.1141
      type: 'test'
      ...
    # Subtest: rebuilds every shared preview root on recipe edit while preserving world transforms
    ok 2 - rebuilds every shared preview root on recipe edit while preserving world transforms
      ---
      duration_ms: 44.0361
      type: 'test'
      ...
    # Subtest: blocks deleting referenced assets, fits a simple collider, and round-trips stable export
    ok 3 - blocks deleting referenced assets, fits a simple collider, and round-trips stable export
      ---
      duration_ms: 43.6268
      type: 'test'
      ...
    # Subtest: rotates a local collision offset and scales the native box without using visual geometry
    ok 4 - rotates a local collision offset and scales the native box without using visual geometry
      ---
      duration_ms: 140.1403
      type: 'test'
      ...
    # Subtest: authors and exports a custom harvestable role with a custom drop
    ok 5 - authors and exports a custom harvestable role with a custom drop
      ---
      duration_ms: 161.7552
      type: 'test'
      ...
    1..5
ok 673 - Phase 4B.0 — production Author actions and preview reconciliation
  ---
  duration_ms: 525.0919
  type: 'suite'
  ...
# Subtest: Phase 4B.0 — Drop Pod/runtime proof
    # Subtest: migrates Camp Drop Pod to one shared recipe and native box collision
    ok 1 - migrates Camp Drop Pod to one shared recipe and native box collision
      ---
      duration_ms: 53.1323
      type: 'test'
      ...
    1..1
ok 674 - Phase 4B.0 — Drop Pod/runtime proof
  ---
  duration_ms: 53.2694
  type: 'suite'
  ...
# Subtest: Phase 4B.0 — behavioral Visual Assets and authoring polish
    # Subtest: non-destructively adds newly shipped asset/drop catalogs to an older saved draft
    ok 1 - non-destructively adds newly shipped asset/drop catalogs to an older saved draft
      ---
      duration_ms: 14.2818
      type: 'test'
      ...
    # Subtest: restores every authored part transform after harvest respawn and consumes bottom-first
    ok 2 - restores every authored part transform after harvest respawn and consumes bottom-first
      ---
      duration_ms: 3.3584
      type: 'test'
      ...
    # Subtest: reorders parts transactionally and round-trips remnant/drop model references
    ok 3 - reorders parts transactionally and round-trips remnant/drop model references
      ---
      duration_ms: 73.3705
      type: 'test'
      ...
    # Subtest: projects a Visual Asset Wildkin into existing AI without a static duplicate
    ok 4 - projects a Visual Asset Wildkin into existing AI without a static duplicate
      ---
      duration_ms: 48.2935
      type: 'test'
      ...
    # Subtest: uses Visual Assets for pickup drops, depleted remnants, Waypoints, and Beacons
    ok 5 - uses Visual Assets for pickup drops, depleted remnants, Waypoints, and Beacons
      ---
      duration_ms: 36.007
      type: 'test'
      ...
    1..5
ok 675 - Phase 4B.0 — behavioral Visual Assets and authoring polish
  ---
  duration_ms: 175.6677
  type: 'suite'
  ...
# Subtest: Phase 4B.1 — section activation boundary
    # Subtest: accepts bounded authored expedition envelopes and rejects oversized bounds
    ok 1 - accepts bounded authored expedition envelopes and rejects oversized bounds
      ---
      duration_ms: 23.1875
      type: 'test'
      ...
    # Subtest: hides inactive roots and disables colliders through the production SectionRuntime
    ok 2 - hides inactive roots and disables colliders through the production SectionRuntime
      ---
      duration_ms: 5.2498
      type: 'test'
      ...
    # Subtest: isolates overlapping Section 1/2 colliders through the production Rapier world
    ok 3 - isolates overlapping Section 1/2 colliders through the production Rapier world
      ---
      duration_ms: 263.7566
      type: 'test'
      ...
    # Subtest: resolves a portal target entry without deriving ownership from X/Z
    ok 4 - resolves a portal target entry without deriving ownership from X/Z
      ---
      duration_ms: 4.8622
      type: 'test'
      ...
    1..4
ok 676 - Phase 4B.1 — section activation boundary
  ---
  duration_ms: 298.6663
  type: 'suite'
  ...
# Subtest: Phase 4B.1 — level, gate repair, and upgrade persistence
    # Subtest: uses one monotonic banked-XP level curve
    ok 1 - uses one monotonic banked-XP level curve
      ---
      duration_ms: 0.5017
      type: 'test'
      ...
    # Subtest: reports level/cargo requirements and spends exact cargo atomically
    ok 2 - reports level/cargo requirements and spends exact cargo atomically
      ---
      duration_ms: 0.7666
      type: 'test'
      ...
    # Subtest: repairs once with current cargo and persists immediately
    ok 3 - repairs once with current cargo and persists immediately
      ---
      duration_ms: 15.2593
      type: 'test'
      ...
    # Subtest: migrates the legacy Matter Attractor boolean into the keyed upgrade
    ok 4 - migrates the legacy Matter Attractor boolean into the keyed upgrade
      ---
      duration_ms: 5.2323
      type: 'test'
      ...
    1..4
ok 677 - Phase 4B.1 — level, gate repair, and upgrade persistence
  ---
  duration_ms: 22.5609
  type: 'suite'
  ...
# Subtest: Phase 4B.1 — Jump Pad, parkour, and loot production systems
    # Subtest: uses vertical power presets and direction-independent momentum guidance
    ok 1 - uses vertical power presets and direction-independent momentum guidance
      ---
      duration_ms: 0.831
      type: 'test'
      ...
    # Subtest: triggers a real launch only on entry and honors cooldown
    ok 2 - triggers a real launch only on entry and honors cooldown
      ---
      duration_ms: 3.7726
      type: 'test'
      ...
    # Subtest: tracks start/checkpoint and intercepts fatal failure only while active
    ok 3 - tracks start/checkpoint and intercepts fatal failure only while active
      ---
      duration_ms: 3.1923
      type: 'test'
      ...
    # Subtest: gives secret loot once and repeatable loot after injected time advances
    ok 4 - gives secret loot once and repeatable loot after injected time advances
      ---
      duration_ms: 4.6429
      type: 'test'
      ...
    1..4
ok 678 - Phase 4B.1 — Jump Pad, parkour, and loot production systems
  ---
  duration_ms: 13.0485
  type: 'suite'
  ...
# Subtest: Phase 4B.1 — Author palette production coverage
    # Subtest: places active objects in the selected owner, rejects retired kinds, and keeps overlap local
    ok 1 - places active objects in the selected owner, rejects retired kinds, and keeps overlap local
      ---
      duration_ms: 101.0361
      type: 'test'
      ...
    1..1
ok 679 - Phase 4B.1 — Author palette production coverage
  ---
  duration_ms: 101.1769
  type: 'suite'
  ...
# Subtest: Phase 4B.1 — section profile
    # Subtest: summarizes actual placed content without mutating the world
    ok 1 - summarizes actual placed content without mutating the world
      ---
      duration_ms: 1.9008
      type: 'test'
      ...
    1..1
ok 680 - Phase 4B.1 — section profile
  ---
  duration_ms: 2.0432
  type: 'suite'
  ...
# Subtest: Phase 4B.1.1 — closure contracts
    # Subtest: invalidates Jump Pad guidance for every canonical vertical-carry field
    ok 1 - invalidates Jump Pad guidance for every canonical vertical-carry field
      ---
      duration_ms: 1.768
      type: 'test'
      ...
    # Subtest: scopes parkour checkpoint, fail, end, and replacement behavior by course
    ok 2 - scopes parkour checkpoint, fail, end, and replacement behavior by course
      ---
      duration_ms: 1.4073
      type: 'test'
      ...
    # Subtest: rolls back cargo when repair commit fails and spends exactly once on success
    ok 3 - rolls back cargo when repair commit fails and spends exactly once on success
      ---
      duration_ms: 1.5426
      type: 'test'
      ...
    # Subtest: resolves reciprocal physical gates and keeps arrival outside the trigger
    ok 4 - resolves reciprocal physical gates and keeps arrival outside the trigger
      ---
      duration_ms: 16.1602
      type: 'test'
      ...
    # Subtest: rejects broken physical portal topology but accepts the one-way arrival endpoint
    ok 5 - rejects broken physical portal topology but accepts the one-way arrival endpoint
      ---
      duration_ms: 12.5322
      type: 'test'
      ...
    1..5
ok 681 - Phase 4B.1.1 — closure contracts
  ---
  duration_ms: 35.217
  type: 'suite'
  ...
# Subtest: Phase 4B.1.2 — Author performance closure
    # Subtest: keeps repeated SectionRuntime activation idempotent
    ok 1 - keeps repeated SectionRuntime activation idempotent
      ---
      duration_ms: 18.1447
      type: 'test'
      ...
    # Subtest: declares camera operations as camera-only and removes full sync from the loop/handlers
    ok 2 - declares camera operations as camera-only and removes full sync from the loop/handlers
      ---
      duration_ms: 3.0583
      type: 'test'
      ...
    1..2
ok 682 - Phase 4B.1.2 — Author performance closure
  ---
  duration_ms: 22.8066
  type: 'suite'
  ...
# Subtest: Phase 4B.1.3 — Author camera closure
    # Subtest: derives framing metrics from the selected section bounds
    ok 1 - derives framing metrics from the selected section bounds
      ---
      duration_ms: 2.1246
      type: 'test'
      ...
    # Subtest: normalizes pixel, line, and page wheel units and clamps outliers
    ok 2 - normalizes pixel, line, and page wheel units and clamps outliers
      ---
      duration_ms: 0.2612
      type: 'test'
      ...
    # Subtest: uses smooth distance-relative zoom with hard section-local bounds
    ok 3 - uses smooth distance-relative zoom with hard section-local bounds
      ---
      duration_ms: 0.5248
      type: 'test'
      ...
    # Subtest: captures and restores the complete gameplay projection
    ok 4 - captures and restores the complete gameplay projection
      ---
      duration_ms: 0.5208
      type: 'test'
      ...
    # Subtest: keeps camera movement handlers free of full visibility synchronization
    ok 5 - keeps camera movement handlers free of full visibility synchronization
      ---
      duration_ms: 1.5116
      type: 'test'
      ...
    1..5
ok 683 - Phase 4B.1.3 — Author camera closure
  ---
  duration_ms: 6.6659
  type: 'suite'
  ...
# Subtest: Phase 4B.1.4 — canonical Author parity
    # Subtest: enumerates every canonical region collection once and resolves every object
    ok 1 - enumerates every canonical region collection once and resolves every object
      ---
      duration_ms: 80.2811
      type: 'test'
      ...
    # Subtest: covers the proof gates, traversal helpers, hazard, and loot
    ok 2 - covers the proof gates, traversal helpers, hazard, and loot
      ---
      duration_ms: 17.3014
      type: 'test'
      ...
    # Subtest: keeps real structures player-facing and technical markers editor-only
    ok 3 - keeps real structures player-facing and technical markers editor-only
      ---
      duration_ms: 157.4832
      type: 'test'
      ...
    # Subtest: migrates the Camp-link contract without wiping persisted Author edits
    ok 4 - migrates the Camp-link contract without wiping persisted Author edits
      ---
      duration_ms: 6.5507
      type: 'test'
      ...
    1..4
ok 684 - Phase 4B.1.4 — canonical Author parity
  ---
  duration_ms: 263.1946
  type: 'suite'
  ...
# Subtest: Phase 4B.1.4 — Camp travel and extraction
    # Subtest: always offers Forest Edge and adds only discovered Major Waypoints
    ok 1 - always offers Forest Edge and adds only discovered Major Waypoints
      ---
      duration_ms: 4.7997
      type: 'test'
      ...
    # Subtest: returns to Camp through one idempotent extraction owner and cancellation is a no-op
    ok 2 - returns to Camp through one idempotent extraction owner and cancellation is a no-op
      ---
      duration_ms: 6.2041
      type: 'test'
      ...
    # Subtest: exposes the Camp-link interaction without making it an ordinary portal travel
    ok 3 - exposes the Camp-link interaction without making it an ordinary portal travel
      ---
      duration_ms: 4.0224
      type: 'test'
      ...
    1..3
ok 685 - Phase 4B.1.4 — Camp travel and extraction
  ---
  duration_ms: 15.7345
  type: 'suite'
  ...
# Subtest: Phase 4B.1.4 — progression, hazard clarity, and workbench zoom
    # Subtest: derives persistent level presentation from the central curve
    ok 1 - derives persistent level presentation from the central curve
      ---
      duration_ms: 0.6077
      type: 'test'
      ...
    # Subtest: reports ruined-gate level and current run cargo without duplicating the XP curve
    ok 2 - reports ruined-gate level and current run cargo without duplicating the XP curve
      ---
      duration_ms: 0.8377
      type: 'test'
      ...
    # Subtest: distinguishes combat loss, fatal Kill Volume loss, and matching-course safe failure
    ok 3 - distinguishes combat loss, fatal Kill Volume loss, and matching-course safe failure
      ---
      duration_ms: 3.7484
      type: 'test'
      ...
    # Subtest: gives small and large assets dedicated smooth workbench zoom bounds
    ok 4 - gives small and large assets dedicated smooth workbench zoom bounds
      ---
      duration_ms: 0.5304
      type: 'test'
      ...
    1..4
ok 686 - Phase 4B.1.4 — progression, hazard clarity, and workbench zoom
  ---
  duration_ms: 6.123
  type: 'suite'
  ...
# Subtest: Phase 4B.1.5 — render interpolation
    # Subtest: interpolates midpoint position and shortest-path facing without mutating authoritative poses
    ok 1 - interpolates midpoint position and shortest-path facing without mutating authoritative poses
      ---
      duration_ms: 2.0873
      type: 'test'
      ...
    # Subtest: snaps when previous/current are the same teleport pose
    ok 2 - snaps when previous/current are the same teleport pose
      ---
      duration_ms: 0.2555
      type: 'test'
      ...
    1..2
ok 687 - Phase 4B.1.5 — render interpolation
  ---
  duration_ms: 3.7837
  type: 'suite'
  ...
# Subtest: Phase 4B.1.5 — shared player-facing visuals
    # Subtest: resolves Portal Gate state identically from one canonical resolver
    ok 1 - resolves Portal Gate state identically from one canonical resolver
      ---
      duration_ms: 0.5696
      type: 'test'
      ...
    # Subtest: gives Start, Checkpoint, and End dedicated player-facing roles
    ok 2 - gives Start, Checkpoint, and End dedicated player-facing roles
      ---
      duration_ms: 0.4663
      type: 'test'
      ...
    1..2
ok 688 - Phase 4B.1.5 — shared player-facing visuals
  ---
  duration_ms: 1.6368
  type: 'suite'
  ...
# Subtest: Phase 4B.1.5 — Parkour Course Zones
    # Subtest: fires lifecycle callbacks once and keeps the course active across matching zone union
    ok 1 - fires lifecycle callbacks once and keeps the course active across matching zone union
      ---
      duration_ms: 2.2545
      type: 'test'
      ...
    # Subtest: abandons outside all zones, clears checkpoint, and cannot reactivate without Start
    ok 2 - abandons outside all zones, clears checkpoint, and cannot reactivate without Start
      ---
      duration_ms: 1.3003
      type: 'test'
      ...
    # Subtest: still safe-respawns matching Kill Volume while active
    ok 3 - still safe-respawns matching Kill Volume while active
      ---
      duration_ms: 0.8864
      type: 'test'
      ...
    1..3
ok 689 - Phase 4B.1.5 — Parkour Course Zones
  ---
  duration_ms: 5.1432
  type: 'suite'
  ...
# Subtest: Phase 4B.1.5 — progression readability
    # Subtest: keeps persistent within-level progress separate from carried XP
    ok 1 - keeps persistent within-level progress separate from carried XP
      ---
      duration_ms: 0.7615
      type: 'test'
      ...
    # Subtest: presents banked and carried XP separately at ruined gates
    ok 2 - presents banked and carried XP separately at ruined gates
      ---
      duration_ms: 1.066
      type: 'test'
      ...
    # Subtest: lists every catalog resource plus persistent progression in Resonator storage
    ok 3 - lists every catalog resource plus persistent progression in Resonator storage
      ---
      duration_ms: 0.9442
      type: 'test'
      ...
    1..3
ok 690 - Phase 4B.1.5 — progression readability
  ---
  duration_ms: 3.3588
  type: 'suite'
  ...
# Subtest: Phase 4B.1.5 — Jump Pad vertical carry
    # Subtest: preserves standing and moving horizontal velocity independent of pad rotation
    ok 1 - preserves standing and moving horizontal velocity independent of pad rotation
      ---
      duration_ms: 0.5695
      type: 'test'
      ...
    # Subtest: orders presets and supports explicit vertical override
    ok 2 - orders presets and supports explicit vertical override
      ---
      duration_ms: 0.343
      type: 'test'
      ...
    # Subtest: shares truthful apex, airtime, and momentum carry math
    ok 3 - shares truthful apex, airtime, and momentum carry math
      ---
      duration_ms: 0.4248
      type: 'test'
      ...
    1..3
ok 691 - Phase 4B.1.5 — Jump Pad vertical carry
  ---
  duration_ms: 1.7685
  type: 'suite'
  ...
# Subtest: Phase 4B.1.5 — Author parity seams
    # Subtest: enumerates Parkour Course Zones canonically
    ok 1 - enumerates Parkour Course Zones canonically
      ---
      duration_ms: 0.6032
      type: 'test'
      ...
    # Subtest: reuses one orbit gizmo factory for level and workbench view states
    ok 2 - reuses one orbit gizmo factory for level and workbench view states
      ---
      duration_ms: 10.3072
      type: 'test'
      ...
    1..2
ok 692 - Phase 4B.1.5 — Author parity seams
  ---
  duration_ms: 11.1223
  type: 'suite'
  ...
# Subtest: Phase 4B — Matter Attractor I persistence
    # Subtest: uses only canonical resource IDs and communicates the intended missing cost
    ok 1 - uses only canonical resource IDs and communicates the intended missing cost
      ---
      duration_ms: 17.0553
      type: 'test'
      ...
    # Subtest: fails atomically when unaffordable, deducts exact amounts once, persists, and cannot repeat
    ok 2 - fails atomically when unaffordable, deducts exact amounts once, persists, and cannot repeat
      ---
      duration_ms: 20.3274
      type: 'test'
      ...
    # Subtest: remains owned when an expedition is lost because death never mutates frontier progress
    ok 3 - remains owned when an expedition is lost because death never mutates frontier progress
      ---
      duration_ms: 6.5275
      type: 'test'
      ...
    # Subtest: is exposed only as a nearby Camp interaction
    ok 4 - is exposed only as a nearby Camp interaction
      ---
      duration_ms: 0.4764
      type: 'test'
      ...
    1..4
ok 693 - Phase 4B — Matter Attractor I persistence
  ---
  duration_ms: 46.0108
  type: 'suite'
  ...
# Subtest: Phase 4B — Matter Attractor I reaches the real pickup path
    # Subtest: starts attraction outside the baseline radius and uses faster travel tuning
    ok 1 - starts attraction outside the baseline radius and uses faster travel tuning
      ---
      duration_ms: 10.6821
      type: 'test'
      ...
    1..1
ok 694 - Phase 4B — Matter Attractor I reaches the real pickup path
  ---
  duration_ms: 10.8675
  type: 'suite'
  ...
# Subtest: Phase 4B.1 — sparse section proof world
    # Subtest: uses standard local dimensions and intentionally overlapping expedition bounds
    ok 1 - uses standard local dimensions and intentionally overlapping expedition bounds
      ---
      duration_ms: 2.0541
      type: 'test'
      ...
    # Subtest: starts a fresh save with no discovered frontier Waypoint
    ok 2 - starts a fresh save with no discovered frontier Waypoint
      ---
      duration_ms: 20.3515
      type: 'test'
      ...
    # Subtest: contains only the framework proof objects requested for Sections 1 and 2
    ok 3 - contains only the framework proof objects requested for Sections 1 and 2
      ---
      duration_ms: 0.3867
      type: 'test'
      ...
    # Subtest: keeps iron/crystal definitions and the Frontier Launch Pad visual
    ok 4 - keeps iron/crystal definitions and the Frontier Launch Pad visual
      ---
      duration_ms: 0.2785
      type: 'test'
      ...
    # Subtest: normalizes the complete authored data set
    ok 5 - normalizes the complete authored data set
      ---
      duration_ms: 2.5936
      type: 'test'
      ...
    1..5
ok 695 - Phase 4B.1 — sparse section proof world
  ---
  duration_ms: 27.6598
  type: 'suite'
  ...
# Subtest: v2 quantities migrate once into the physical pod and retain finite overflow
ok 696 - v2 quantities migrate once into the physical pod and retain finite overflow
  ---
  duration_ms: 11.4555
  type: 'test'
  ...
# Subtest: failed collection, crafting and gate repair preserve both quantities and flags
ok 697 - failed collection, crafting and gate repair preserve both quantities and flags
  ---
  duration_ms: 3.5361
  type: 'test'
  ...
# Subtest: extracting the same carried pack records return without adding material copies
ok 698 - extracting the same carried pack records return without adding material copies
  ---
  duration_ms: 1.7429
  type: 'test'
  ...
# Subtest: partial cache remainder and once-only XP commit with accepted items
ok 699 - partial cache remainder and once-only XP commit with accepted items
  ---
  duration_ms: 2.1436
  type: 'test'
  ...
# Subtest: invalid v3 save is not overwritten, and invalid restore preserves a working inventory
ok 700 - invalid v3 save is not overwritten, and invalid restore preserves a working inventory
  ---
  duration_ms: 1.5009
  type: 'test'
  ...
# Subtest: crafting uses only pack and a chosen accessible physical source
ok 701 - crafting uses only pack and a chosen accessible physical source
  ---
  duration_ms: 1.4341
  type: 'test'
  ...
# Subtest: paid healing and cache XP persist the post-effect run with items; extraction clears resume once
ok 702 - paid healing and cache XP persist the post-effect run with items; extraction clears resume once
  ---
  duration_ms: 3.0102
  type: 'test'
  ...
# Subtest: full pack and failed commit keep one pending source; partial bonus acceptance spends only committed quantity
ok 703 - full pack and failed commit keep one pending source; partial bonus acceptance spends only committed quantity
  ---
  duration_ms: 13.2594
  type: 'test'
  ...
# Subtest: pool cap, expiry and region cull retain source yields; explicit run abandonment never resets pack
ok 704 - pool cap, expiry and region cull retain source yields; explicit run abandonment never resets pack
  ---
  duration_ms: 6.4466
  type: 'test'
  ...
# Subtest: all harvest entry paths continue with pending drops; only regrowth waits, including inactive reset and solid siblings
ok 705 - all harvest entry paths continue with pending drops; only regrowth waits, including inactive reset and solid siblings
  ---
  duration_ms: 176.2958
  type: 'test'
  ...
# Subtest: missing inventory injection rejects collection rather than creating legacy spendable quantities
ok 706 - missing inventory injection rejects collection rather than creating legacy spendable quantities
  ---
  duration_ms: 0.6414
  type: 'test'
  ...
# Subtest: Pickup robust collision
    # Subtest: launched uses radius-aware check and resting not overlapping
    ok 1 - launched uses radius-aware check and resting not overlapping
      ---
      duration_ms: 177.9265
      type: 'test'
      ...
    # Subtest: MAGNETIZING ignores wall and reaches COLLECTED
    ok 2 - MAGNETIZING ignores wall and reaches COLLECTED
      ---
      duration_ms: 19.9766
      type: 'test'
      ...
    # Subtest: magnetization rescues bad overlapping pickup
    ok 3 - magnetization rescues bad overlapping pickup
      ---
      duration_ms: 12.5627
      type: 'test'
      ...
    1..3
ok 707 - Pickup robust collision
  ---
  duration_ms: 212.5905
  type: 'suite'
  ...
# Subtest: natural terrace climb attaches, pauses without drift, and preserves signed ascent/descent
ok 708 - natural terrace climb attaches, pauses without drift, and preserves signed ascent/descent
  ---
  duration_ms: 209.7996
  type: 'test'
  ...
# Subtest: repeated ordinary jumps into the tall terrace face cannot ratchet onto the shelf
ok 709 - repeated ordinary jumps into the tall terrace face cannot ratchet onto the shelf
  ---
  duration_ms: 181.6716
  type: 'test'
  ...
# Subtest: natural climb reaches a supported mantle through bounded Rapier movement
ok 710 - natural climb reaches a supported mantle through bounded Rapier movement
  ---
  duration_ms: 73.4148
  type: 'test'
  ...
# Subtest: activation rejects a retired and recreated stale candidate
ok 711 - activation rejects a retired and recreated stale candidate
  ---
  duration_ms: 33.0709
  type: 'test'
  ...
# Subtest: retiring the active face detaches on the next fixed step
ok 712 - retiring the active face detaches on the next fixed step
  ---
  duration_ms: 33.1695
  type: 'test'
  ...
# Subtest: blocked natural exit drops to the lower clearing without turning the cliff face into support
ok 713 - blocked natural exit drops to the lower clearing without turning the cliff face into support
  ---
  duration_ms: 44.9839
  type: 'test'
  ...
# Subtest: a full-height blocked release emits exactly one harmful landing impact
ok 714 - a full-height blocked release emits exactly one harmful landing impact
  ---
  duration_ms: 27.3899
  type: 'test'
  ...
# Subtest: resetJumpState clears active climbing without a phantom landing
ok 715 - resetJumpState clears active climbing without a phantom landing
  ---
  duration_ms: 30.47
  type: 'test'
  ...
# Subtest: knockback detaches the grip and gravity continues while the hit moves the player
ok 716 - knockback detaches the grip and gravity continues while the hit moves the player
  ---
  duration_ms: 34.0922
  type: 'test'
  ...
# Subtest: a newly blocked authored exit falls without teleporting or claiming grounded
ok 717 - a newly blocked authored exit falls without teleporting or claiming grounded
  ---
  duration_ms: 36.1178
  type: 'test'
  ...
# Subtest: sloped foreground rock fades when the upper sightline clears it but the body is hidden
ok 718 - sloped foreground rock fades when the upper sightline clears it but the body is hidden
  ---
  duration_ms: 17.0215
  type: 'test'
  ...
# Subtest: placed scenery can join and leave visibility ownership without leaking shared material state
ok 719 - placed scenery can join and leave visibility ownership without leaking shared material state
  ---
  duration_ms: 3.7088
  type: 'test'
  ...
# Subtest: camera inside a one-sided scaled crown fades its own prop even when exit-face rays miss
ok 720 - camera inside a one-sided scaled crown fades its own prop even when exit-face rays miss
  ---
  duration_ms: 1.7476
  type: 'test'
  ...
# Subtest: projected shadow is tight on the support and fades while airborne
ok 721 - projected shadow is tight on the support and fades while airborne
  ---
  duration_ms: 1.5071
  type: 'test'
  ...
# Subtest: authored jump-pad thrust launches a stationary player in its authored direction
ok 722 - authored jump-pad thrust launches a stationary player in its authored direction
  ---
  duration_ms: 1.6701
  type: 'test'
  ...
# Subtest: unconfigured pads preserve normal movement velocity
ok 723 - unconfigured pads preserve normal movement velocity
  ---
  duration_ms: 0.2131
  type: 'test'
  ...
# Subtest: player controller applies authored pad thrust from rest and retains ordinary momentum otherwise
ok 724 - player controller applies authored pad thrust from rest and retains ordinary momentum otherwise
  ---
  duration_ms: 2.6722
  type: 'test'
  ...
# Subtest: portrait joystick has one fixed visible center even with a fine pointer
ok 725 - portrait joystick has one fixed visible center even with a fine pointer
  ---
  duration_ms: 3.9537
  type: 'test'
  ...
# Subtest: portrait touch and pen start only around the fixed stick and preserve movement bands
ok 726 - portrait touch and pen start only around the fixed stick and preserve movement bands
  ---
  duration_ms: 2.0071
  type: 'test'
  ...
# Subtest: orientation change cancels held portrait movement and restores landscape floating behavior
ok 727 - orientation change cancels held portrait movement and restores landscape floating behavior
  ---
  duration_ms: 0.7988
  type: 'test'
  ...
# Subtest: visual viewport resize cancels movement, refreshes the fixed cue, and unregisters on destroy
ok 728 - visual viewport resize cancels movement, refreshes the fixed cue, and unregisters on destroy
  ---
  duration_ms: 0.6784
  type: 'test'
  ...
# Subtest: Phase 1.2 — Rapier physics config
    # Subtest: capsule radius and height in spec range
    ok 1 - capsule radius and height in spec range
      ---
      duration_ms: 1.4738
      type: 'test'
      ...
    # Subtest: mirrors RAPIER_CONFIG
    ok 2 - mirrors RAPIER_CONFIG
      ---
      duration_ms: 0.2617
      type: 'test'
      ...
    # Subtest: controller skin/offset 0.01-0.03
    ok 3 - controller skin/offset 0.01-0.03
      ---
      duration_ms: 0.1972
      type: 'test'
      ...
    # Subtest: snap-to-ground 0.15-0.25
    ok 4 - snap-to-ground 0.15-0.25
      ---
      duration_ms: 0.1776
      type: 'test'
      ...
    # Subtest: autostep max height 0.15-0.30 and tall boxes (1.25) not steppable
    ok 5 - autostep max height 0.15-0.30 and tall boxes (1.25) not steppable
      ---
      duration_ms: 0.1805
      type: 'test'
      ...
    # Subtest: max slope 40-50 deg
    ok 6 - max slope 40-50 deg
      ---
      duration_ms: 0.1681
      type: 'test'
      ...
    # Subtest: fixed timestep 1/60 and maxSubsteps 3-4
    ok 7 - fixed timestep 1/60 and maxSubsteps 3-4
      ---
      duration_ms: 0.3292
      type: 'test'
      ...
    1..7
ok 729 - Phase 1.2 — Rapier physics config
  ---
  duration_ms: 5.6153
  type: 'suite'
  ...
# Subtest: Phase 1.2 — gravity integration
    # Subtest: airborne verticalVelocity integrates with gravity*dt
    ok 1 - airborne verticalVelocity integrates with gravity*dt
      ---
      duration_ms: 0.4353
      type: 'test'
      ...
    # Subtest: grounded verticalVelocity reset when downward
    ok 2 - grounded verticalVelocity reset when downward
      ---
      duration_ms: 0.3996
      type: 'test'
      ...
    # Subtest: walking off platform produces continuous fall (no instant Y snap)
    ok 3 - walking off platform produces continuous fall (no instant Y snap)
      ---
      duration_ms: 0.436
      type: 'test'
      ...
    1..3
ok 730 - Phase 1.2 — gravity integration
  ---
  duration_ms: 1.776
  type: 'suite'
  ...
# Subtest: Phase 1.2 — fixed-step accumulator limits
    # Subtest: clamps large frame gaps (tab switch)
    ok 1 - clamps large frame gaps (tab switch)
      ---
      duration_ms: 0.2203
      type: 'test'
      ...
    # Subtest: max catch-up substeps prevents spiral
    ok 2 - max catch-up substeps prevents spiral
      ---
      duration_ms: 0.1463
      type: 'test'
      ...
    # Subtest: airtime in 0.7-1.0 preserved with new gravity
    ok 3 - airtime in 0.7-1.0 preserved with new gravity
      ---
      duration_ms: 0.1569
      type: 'test'
      ...
    1..3
ok 731 - Phase 1.2 — fixed-step accumulator limits
  ---
  duration_ms: 0.6795
  type: 'suite'
  ...
# Subtest: Phase 1.2 — jump start rules with Rapier
    # Subtest: sneak still blocked (same as 1.1)
    ok 1 - sneak still blocked (same as 1.1)
      ---
      duration_ms: 0.3318
      type: 'test'
      ...
    # Subtest: run momentum matters, air control capped (reuse from traversal tests)
    ok 2 - run momentum matters, air control capped (reuse from traversal tests)
      ---
      duration_ms: 0.1244
      type: 'test'
      ...
    1..2
ok 732 - Phase 1.2 — jump start rules with Rapier
  ---
  duration_ms: 0.5723
  type: 'suite'
  ...
# Subtest: Phase 1.2 — climb gravity suppression
    # Subtest: climbing suppresses gravity (verticalVelocity stays 0 when idle on wall)
    ok 1 - climbing suppresses gravity (verticalVelocity stays 0 when idle on wall)
      ---
      duration_ms: 0.1634
      type: 'test'
      ...
    # Subtest: climbing movement is intentional not gravity-driven
    ok 2 - climbing movement is intentional not gravity-driven
      ---
      duration_ms: 0.1536
      type: 'test'
      ...
    1..2
ok 733 - Phase 1.2 — climb gravity suppression
  ---
  duration_ms: 0.5678
  type: 'suite'
  ...
# Subtest: articulated resources isolate feedback, retain exact remnants and restore safely
ok 734 - articulated resources isolate feedback, retain exact remnants and restore safely
  ---
  duration_ms: 150.0876
  type: 'test'
  ...
# Subtest: unnamed legacy resource parts deplete proportionally to their authored hit count
ok 735 - unnamed legacy resource parts deplete proportionally to their authored hit count
  ---
  duration_ms: 5.5243
  type: 'test'
  ...
# Subtest: resume uses real support and full capsule clearance, excluding self/sensors and rejecting hazards
ok 736 - resume uses real support and full capsule clearance, excluding self/sensors and rejecting hazards
  ---
  duration_ms: 142.6272
  type: 'test'
  ...
# Subtest: generated coordinates can replace authored section bounds without bypassing Rapier support
ok 737 - generated coordinates can replace authored section bounds without bypassing Rapier support
  ---
  duration_ms: 19.5125
  type: 'test'
  ...
# Subtest: a grounded Skybreak slope landing resumes at its curved-capsule support anchor without moving the probe
ok 738 - a grounded Skybreak slope landing resumes at its curved-capsule support anchor without moving the probe
  ---
  duration_ms: 691.2525
  type: 'test'
  ...
# Subtest: reviewed Emberhorn, Cinderjaw and Thornprowler geometry reaches the recipes loaded by the game
ok 739 - reviewed Emberhorn, Cinderjaw and Thornprowler geometry reaches the recipes loaded by the game
  ---
  duration_ms: 192.3105
  type: 'test'
  ...
# Subtest: Rootbound circuit has finite room grammar and neutral exterior
ok 740 - Rootbound circuit has finite room grammar and neutral exterior
  ---
  duration_ms: 6.5314
  type: 'test'
  ...
# Subtest: Rootbound terrain preserves every existing source in the circuit border
ok 741 - Rootbound terrain preserves every existing source in the circuit border
  ---
  duration_ms: 1062.6407
  type: 'test'
  ...
# Subtest: Rootbound profile colors apply only to the protected default world
ok 742 - Rootbound profile colors apply only to the protected default world
  ---
  duration_ms: 1502.3132
  type: 'test'
  ...
# Subtest: resident protection plates fade without a terrain step at their boundaries
ok 743 - resident protection plates fade without a terrain step at their boundaries
  ---
  duration_ms: 0.8254
  type: 'test'
  ...
# Subtest: curated Rootbound props use existing admission and remain localized
ok 744 - curated Rootbound props use existing admission and remain localized
  ---
  duration_ms: 822.0563
  type: 'test'
  ...
# Subtest: Rootbound facet field is a shared default-world height surface with exact chunk seams
ok 745 - Rootbound facet field is a shared default-world height surface with exact chunk seams
  ---
  duration_ms: 552.5863
  type: 'test'
  ...
# Subtest: Rootbound facet chunks use a render-only per-face material while physics keeps the shared chunk
ok 746 - Rootbound facet chunks use a render-only per-face material while physics keeps the shared chunk
  ---
  duration_ms: 2590.7066
  type: 'test'
  ...
# Subtest: Rootbound shoulders change real terrain while full and height-only samplers agree with mesh vertices
ok 747 - Rootbound shoulders change real terrain while full and height-only samplers agree with mesh vertices
  ---
  duration_ms: 153.599
  type: 'test'
  ...
# Subtest: Rootfall composes idempotently without changing reciprocal travel or unrelated authored content
ok 748 - Rootfall composes idempotently without changing reciprocal travel or unrelated authored content
  ---
  duration_ms: 513.1644
  type: 'test'
  ...
# Subtest: five stable body props share their true origin while seam resources only own three peelable chips
ok 749 - five stable body props share their true origin while seam resources only own three peelable chips
  ---
  duration_ms: 113.1105
  type: 'test'
  ...
# Subtest: retained source geometry and collision leave the three-metre lane and original return landing clear
ok 750 - retained source geometry and collision leave the three-metre lane and original return landing clear
  ---
  duration_ms: 91.7515
  type: 'test'
  ...
# Subtest: approach paint preserves terrain shape and keeps brace feet on the existing raised ridge
ok 751 - approach paint preserves terrain shape and keeps brace feet on the existing raised ridge
  ---
  duration_ms: 100.402
  type: 'test'
  ...
# Subtest: Rootfall cuts persist before final yield and repair is guarded, atomic and repeat-safe
ok 752 - Rootfall cuts persist before final yield and repair is guarded, atomic and repeat-safe
  ---
  duration_ms: 15.2427
  type: 'test'
  ...
# Subtest: Rootfall masks respect Author/region access, repaired legacy state and gate transform
ok 753 - Rootfall masks respect Author/region access, repaired legacy state and gate transform
  ---
  duration_ms: 1.3498
  type: 'test'
  ...
# Subtest: authored brace costs are exactly what the world action displays and charges; inaccessible travel is hidden
ok 754 - authored brace costs are exactly what the world action displays and charges; inaccessible travel is hidden
  ---
  duration_ms: 1.6107
  type: 'test'
  ...
# Subtest: brace control follows the actual retained root transform rather than the separate travel beacon
ok 755 - brace control follows the actual retained root transform rather than the separate travel beacon
  ---
  duration_ms: 0.7827
  type: 'test'
  ...
# Subtest: the visible Rootfall opening and real collision remain open across section/Author switches
ok 756 - the visible Rootfall opening and real collision remain open across section/Author switches
  ---
  duration_ms: 70.6113
  type: 'test'
  ...
# Subtest: resource removal union survives replacement, overlaps and default clears (camp then rootfall)
ok 757 - resource removal union survives replacement, overlaps and default clears (camp then rootfall)
  ---
  duration_ms: 115.745
  type: 'test'
  ...
# Subtest: resource removal union survives replacement, overlaps and default clears (rootfall then camp)
ok 758 - resource removal union survives replacement, overlaps and default clears (rootfall then camp)
  ---
  duration_ms: 22.6842
  type: 'test'
  ...
# Subtest: Camp Author-like hide and region activation clear only the Camp contribution
ok 759 - Camp Author-like hide and region activation clear only the Camp contribution
  ---
  duration_ms: 11.6769
  type: 'test'
  ...
# Subtest: a depleted node remains removed until its last contributing owner clears
ok 760 - a depleted node remains removed until its last contributing owner clears
  ---
  duration_ms: 10.03
  type: 'test'
  ...
# Subtest: POI final-cut save rolls back the entire snapshot, retries once and survives reload/import
ok 761 - POI final-cut save rolls back the entire snapshot, retries once and survives reload/import
  ---
  duration_ms: 14.116
  type: 'test'
  ...
# Subtest: mossling seal failure blocks effects/cooldown, retry opens, duplicate stays ordinary ability
ok 762 - mossling seal failure blocks effects/cooldown, retry opens, duplicate stays ordinary ability
  ---
  duration_ms: 9.4959
  type: 'test'
  ...
# Subtest: tidefin seal failure blocks effects/cooldown, retry opens, duplicate stays ordinary ability
ok 763 - tidefin seal failure blocks effects/cooldown, retry opens, duplicate stays ordinary ability
  ---
  duration_ms: 4.4547
  type: 'test'
  ...
# Subtest: emberhorn seal failure blocks effects/cooldown, retry opens, duplicate stays ordinary ability
ok 764 - emberhorn seal failure blocks effects/cooldown, retry opens, duplicate stays ordinary ability
  ---
  duration_ms: 2.5928
  type: 'test'
  ...
# Subtest: skydancer seal failure blocks effects/cooldown, retry opens, duplicate stays ordinary ability
ok 765 - skydancer seal failure blocks effects/cooldown, retry opens, duplicate stays ordinary ability
  ---
  duration_ms: 2.7685
  type: 'test'
  ...
# Subtest: portrait carried rows show only a refreshed recent nonzero pulse and release resource, XP and gain callbacks
ok 766 - portrait carried rows show only a refreshed recent nonzero pulse and release resource, XP and gain callbacks
  ---
  duration_ms: 8.5763
  type: 'test'
  ...
# Subtest: result companions use only the supplied snapshot, support both forms and escape names
ok 767 - result companions use only the supplied snapshot, support both forms and escape names
  ---
  duration_ms: 2.0351
  type: 'test'
  ...
# Subtest: loss companions never claim secured progress
ok 768 - loss companions never claim secured progress
  ---
  duration_ms: 0.3876
  type: 'test'
  ...
# Subtest: saved-process clock advances only active capped time in bounded quanta
ok 769 - saved-process clock advances only active capped time in bounded quanta
  ---
  duration_ms: 2.6262
  type: 'test'
  ...
# Subtest: saved-process clock loses one failed quantum and resets partial time for replacement or reduced progress
ok 770 - saved-process clock loses one failed quantum and resets partial time for replacement or reduced progress
  ---
  duration_ms: 1.3914
  type: 'test'
  ...
# Subtest: scaled strike point keeps comfortable Heartwood reach and true vertical rejection for solid siblings
ok 771 - scaled strike point keeps comfortable Heartwood reach and true vertical rejection for solid siblings
  ---
  duration_ms: 3.1969
  type: 'test'
  ...
# Subtest: runtime manual, auto, halos and harvest effects share the same point; combat burst height stays intact
ok 772 - runtime manual, auto, halos and harvest effects share the same point; combat burst height stays intact
  ---
  duration_ms: 35.9697
  type: 'test'
  ...
# Subtest: rotated scaled collider offsets protect occupied respawn volume and region lifecycle preserves explicit non-solid
ok 773 - rotated scaled collider offsets protect occupied respawn volume and region lifecycle preserves explicit non-solid
  ---
  duration_ms: 9.2628
  type: 'test'
  ...
# Subtest: campaign-only normalization opts valid solid siblings in; runtime preserves Author false and invalid/non-solid descriptors
ok 774 - campaign-only normalization opts valid solid siblings in; runtime preserves Author false and invalid/non-solid descriptors
  ---
  duration_ms: 1.278
  type: 'test'
  ...
# Subtest: large box surface targeting shares scale, yaw and offset with impacts and occupied volume, without reaching another floor
ok 775 - large box surface targeting shares scale, yaw and offset with impacts and occupied volume, without reaching another floor
  ---
  duration_ms: 4.1538
  type: 'test'
  ...
# Subtest: reviewed campaign footprints cover grounded crystal and ore bases and remain idempotent
ok 776 - reviewed campaign footprints cover grounded crystal and ore bases and remain idempotent
  ---
  duration_ms: 0.9759
  type: 'test'
  ...
# Subtest: scout displacement is bounded, diagonal-normalized and stays above terrain/water
ok 777 - scout displacement is bounded, diagonal-normalized and stays above terrain/water
  ---
  duration_ms: 1.6344
  type: 'test'
  ...
# Subtest: real player owner enters flight from traversal, moves its body and exits through ordinary falling
ok 778 - real player owner enters flight from traversal, moves its body and exits through ordinary falling
  ---
  duration_ms: 12.8636
  type: 'test'
  ...
# Subtest: scout protection is independent from ward timers and ordinary damage resumes outside scout
ok 779 - scout protection is independent from ward timers and ordinary damage resumes outside scout
  ---
  duration_ms: 0.956
  type: 'test'
  ...
# Subtest: scout storage loads a real complete save, isolates resource/atlas commits, and discards on reopening
ok 780 - scout storage loads a real complete save, isolates resource/atlas commits, and discards on reopening
  ---
  duration_ms: 12.1507
  type: 'test'
  ...
# Subtest: flight keys reuse keyboard ownership and clear on blocking, blur and key-up
ok 781 - flight keys reuse keyboard ownership and clear on blocking, blur and key-up
  ---
  duration_ms: 2.0713
  type: 'test'
  ...
# Subtest: static server preserves complete bytes and closes the source stream when a response aborts
ok 782 - static server preserves complete bytes and closes the source stream when a response aborts
  ---
  duration_ms: 213.6207
  type: 'test'
  ...
# Subtest: bank composition preserves gameplay, terrain support and sibling regions; rerun is stable
ok 783 - bank composition preserves gameplay, terrain support and sibling regions; rerun is stable
  ---
  duration_ms: 841.7192
  type: 'test'
  ...
# Subtest: bank helper accepts the legacy pre-uplands Author route as well as the V2 forecourt
ok 784 - bank helper accepts the legacy pre-uplands Author route as well as the V2 forecourt
  ---
  duration_ms: 132.4253
  type: 'test'
  ...
# Subtest: solid outcrops avoid protected approach/resource points and their complete feet are buried
ok 785 - solid outcrops avoid protected approach/resource points and their complete feet are buried
  ---
  duration_ms: 117.3183
  type: 'test'
  ...
# Subtest: upland terrain replacement reapplies bank paint and full-foot grounding without touching admitted asset metadata
ok 786 - upland terrain replacement reapplies bank paint and full-foot grounding without touching admitted asset metadata
  ---
  duration_ms: 436.7607
  type: 'test'
  ...
# Subtest: gravel mask remains walk-route paint with irregular feathering and validated opt-in
ok 787 - gravel mask remains walk-route paint with irregular feathering and validated opt-in
  ---
  duration_ms: 1.8125
  type: 'test'
  ...
# Subtest: bank masks remove only local meadow instances and never reseed distant foliage
ok 788 - bank masks remove only local meadow instances and never reseed distant foliage
  ---
  duration_ms: 9743.4268
  type: 'test'
  ...
# Subtest: an authored gravel tint changes baked colour without moving its mask or changing the default
ok 789 - an authored gravel tint changes baked colour without moving its mask or changing the default
  ---
  duration_ms: 52.8483
  type: 'test'
  ...
# Subtest: Shatterfen uplands is idempotent, bounded, and validates against the actual canonical clone
ok 790 - Shatterfen uplands is idempotent, bounded, and validates against the actual canonical clone
  ---
  duration_ms: 819.5601
  type: 'test'
  ...
# Subtest: a full Author import cannot retain obsolete Shatterfen pad or course mechanics
ok 791 - a full Author import cannot retain obsolete Shatterfen pad or course mechanics
  ---
  duration_ms: 120.6648
  type: 'test'
  ...
# Subtest: protected roles retain their exact fields and only rebase support height
ok 792 - protected roles retain their exact fields and only rebase support height
  ---
  duration_ms: 180.1926
  type: 'test'
  ...
# Subtest: the low creek, dry Tidefin bank, stepped observatory, and wreck loop have dry sampled core bands
ok 793 - the low creek, dry Tidefin bank, stepped observatory, and wreck loop have dry sampled core bands
  ---
  duration_ms: 101.9092
  type: 'test'
  ...
# Subtest: V3 joins the western drainage and consolidates the northeast bank without adding a wet traversal shortcut
ok 794 - V3 joins the western drainage and consolidates the northeast bank without adding a wet traversal shortcut
  ---
  duration_ms: 102.9943
  type: 'test'
  ...
# Subtest: every collision-enabled visual asset clears each full core route band
ok 795 - every collision-enabled visual asset clears each full core route band
  ---
  duration_ms: 153.1469
  type: 'test'
  ...
# Subtest: composition removes old perimeter scatter without deleting admitted bank supports or creating the omitted target mark
ok 796 - composition removes old perimeter scatter without deleting admitted bank supports or creating the omitted target mark
  ---
  duration_ms: 101.0023
  type: 'test'
  ...
# Subtest: every composed scenic prop stays a non-dynamic prop, preserving exact runtime role totals
ok 797 - every composed scenic prop stays a non-dynamic prop, preserving exact runtime role totals
  ---
  duration_ms: 107.0223
  type: 'test'
  ...
# Subtest: the grounded wreck uses measured GLB bounds for one readable bounded northwest silhouette
ok 798 - the grounded wreck uses measured GLB bounds for one readable bounded northwest silhouette
  ---
  duration_ms: 96.7877
  type: 'test'
  ...
# Subtest: footprint support rejects a cliff lip or face but retains a broad cap and lowland
ok 799 - footprint support rejects a cliff lip or face but retains a broad cap and lowland
  ---
  duration_ms: 1.539
  type: 'test'
  ...
# Subtest: existing seeded routes retain their placements outside Skybreak
ok 800 - existing seeded routes retain their placements outside Skybreak
  ---
  duration_ms: 91.0686
  type: 'test'
  ...
# Subtest: real Skybreak keeps groundcover and generated content on supported cap or lowland feet
ok 801 - real Skybreak keeps groundcover and generated content on supported cap or lowland feet
  ---
  duration_ms: 709.3496
  type: 'test'
  ...
# Subtest: Skybreak owns a bounded organic plateau footprint away from the preserved terrace
ok 802 - Skybreak owns a bounded organic plateau footprint away from the preserved terrace
  ---
  duration_ms: 2.6297
  type: 'test'
  ...
# Subtest: the true-ground route rises to a dominant crown and returns on a separate broad shelf
ok 803 - the true-ground route rises to a dominant crown and returns on a separate broad shelf
  ---
  duration_ms: 94.5775
  type: 'test'
  ...
# Subtest: real Rapier walks from ordinary ground to the crown and down the east return
ok 804 - real Rapier walks from ordinary ground to the crown and down the east return
  ---
  duration_ms: 2432.1196
  type: 'test'
  ...
# Subtest: a crown-side departure becomes a real Rapier drop and lands on its fused shoulder
ok 805 - a crown-side departure becomes a real Rapier drop and lands on its fused shoulder
  ---
  duration_ms: 2025.978
  type: 'test'
  ...
# Subtest: quiet rear approach keeps Moss pair calm; a direct rush starts only one neighboring alarm
ok 806 - quiet rear approach keeps Moss pair calm; a direct rush starts only one neighboring alarm
  ---
  duration_ms: 47.7804
  type: 'test'
  ...
# Subtest: recipient selection skips other regions, heights, held/captured animals and active field attempts
ok 807 - recipient selection skips other regions, heights, held/captured animals and active field attempts
  ---
  duration_ms: 0.6498
  type: 'test'
  ...
# Subtest: damage alarms a partner without marking partner as player-damaged; taming remains protected
ok 808 - damage alarms a partner without marking partner as player-damaged; taming remains protected
  ---
  duration_ms: 11.4191
  type: 'test'
  ...
# Subtest: rusher flees once per elapsed second from remembered hit location, never hidden live player
ok 809 - rusher flees once per elapsed second from remembered hit location, never hidden live player
  ---
  duration_ms: 6.2419
  type: 'test'
  ...
# Subtest: rusher ignores predators in inactive sections with identical local coordinates
ok 810 - rusher ignores predators in inactive sections with identical local coordinates
  ---
  duration_ms: 8.956
  type: 'test'
  ...
# Subtest: spitter flees once per elapsed second from remembered hit location, never hidden live player
ok 811 - spitter flees once per elapsed second from remembered hit location, never hidden live player
  ---
  duration_ms: 14.5671
  type: 'test'
  ...
# Subtest: spitter ignores predators in inactive sections with identical local coordinates
ok 812 - spitter ignores predators in inactive sections with identical local coordinates
  ---
  duration_ms: 10.5042
  type: 'test'
  ...
# Subtest: aggressive empty hostile list preserves same-species peace; explicit hostility still works
ok 813 - aggressive empty hostile list preserves same-species peace; explicit hostility still works
  ---
  duration_ms: 14.8157
  type: 'test'
  ...
# Subtest: composition preserves the paired Mossling IDs in their wider dry hollow habitat
ok 814 - composition preserves the paired Mossling IDs in their wider dry hollow habitat
  ---
  duration_ms: 1167.1624
  type: 'test'
  ...
# Subtest: map and marker return target excludes unknown and other-region anchors
ok 815 - map and marker return target excludes unknown and other-region anchors
  ---
  duration_ms: 1.8703
  type: 'test'
  ...
# Subtest: recipe guidance counts available pack plus selected storage once, without a second cargo grant
ok 816 - recipe guidance counts available pack plus selected storage once, without a second cargo grant
  ---
  duration_ms: 1.3804
  type: 'test'
  ...
# Subtest: edge guidance keeps long labels inside the viewport and clear of both thumb controls
ok 817 - edge guidance keeps long labels inside the viewport and clear of both thumb controls
  ---
  duration_ms: 1.0476
  type: 'test'
  ...
# Subtest: a second edge indicator reserves the first label rectangle
ok 818 - a second edge indicator reserves the first label rectangle
  ---
  duration_ms: 0.3171
  type: 'test'
  ...
# Subtest: box mask survives travel and restores only in its active section
ok 819 - box mask survives travel and restores only in its active section
  ---
  duration_ms: 68.3581
  type: 'test'
  ...
# Subtest: hull mask survives travel and restores only in its active section
ok 820 - hull mask survives travel and restores only in its active section
  ---
  duration_ms: 3.5871
  type: 'test'
  ...
# Subtest: platform mask survives travel and restores only in its active section
ok 821 - platform mask survives travel and restores only in its active section
  ---
  duration_ms: 1.434
  type: 'test'
  ...
# Subtest: boundary mask survives travel and restores only in its active section
ok 822 - boundary mask survives travel and restores only in its active section
  ---
  duration_ms: 1.8598
  type: 'test'
  ...
# Subtest: unknown IDs, repeated masks and inactive unmask do no unnecessary physics work
ok 823 - unknown IDs, repeated masks and inactive unmask do no unnecessary physics work
  ---
  duration_ms: 1.8192
  type: 'test'
  ...
# Subtest: initial masks apply before section selection and later null retains existing global-only semantics
ok 824 - initial masks apply before section selection and later null retains existing global-only semantics
  ---
  duration_ms: 1.1179
  type: 'test'
  ...
# Subtest: runtime static-prop material batches preserve baked vertices, bounds and shared sources
ok 825 - runtime static-prop material batches preserve baked vertices, bounds and shared sources
  ---
  duration_ms: 10.9117
  type: 'test'
  ...
# Subtest: palette batching retains differences in roughness and source materials
ok 826 - palette batching retains differences in roughness and source materials
  ---
  duration_ms: 2.5535
  type: 'test'
  ...
# Subtest: runtime static-prop batches preserve mirrored mesh winding
ok 827 - runtime static-prop batches preserve mirrored mesh winding
  ---
  duration_ms: 0.8636
  type: 'test'
  ...
# Subtest: fabricator: an active clone leaves the cached template, sibling and shared resources unchanged
ok 828 - fabricator: an active clone leaves the cached template, sibling and shared resources unchanged
  ---
  duration_ms: 12.9669
  type: 'test'
  ...
# Subtest: fabricator: full cycle stays inside admitted clearances, completes once, and restores exact rest transforms
ok 829 - fabricator: full cycle stays inside admitted clearances, completes once, and restores exact rest transforms
  ---
  duration_ms: 2.938
  type: 'test'
  ...
# Subtest: fabricator: pause freezes both pose and time; reset cancels without reporting completion
ok 830 - fabricator: pause freezes both pose and time; reset cancels without reporting completion
  ---
  duration_ms: 0.6517
  type: 'test'
  ...
# Subtest: fabricator: reduced motion remains visible, reduces travel, and preserves completion timing
ok 831 - fabricator: reduced motion remains visible, reduces travel, and preserves completion timing
  ---
  duration_ms: 0.7312
  type: 'test'
  ...
# Subtest: resonance: an active clone leaves the cached template, sibling and shared resources unchanged
ok 832 - resonance: an active clone leaves the cached template, sibling and shared resources unchanged
  ---
  duration_ms: 1.5068
  type: 'test'
  ...
# Subtest: resonance: full cycle stays inside admitted clearances, completes once, and restores exact rest transforms
ok 833 - resonance: full cycle stays inside admitted clearances, completes once, and restores exact rest transforms
  ---
  duration_ms: 4.1865
  type: 'test'
  ...
# Subtest: resonance: pause freezes both pose and time; reset cancels without reporting completion
ok 834 - resonance: pause freezes both pose and time; reset cancels without reporting completion
  ---
  duration_ms: 0.6493
  type: 'test'
  ...
# Subtest: resonance: reduced motion remains visible, reduces travel, and preserves completion timing
ok 835 - resonance: reduced motion remains visible, reduces travel, and preserves completion timing
  ---
  duration_ms: 0.9608
  type: 'test'
  ...
# Subtest: salvage: an active clone leaves the cached template, sibling and shared resources unchanged
ok 836 - salvage: an active clone leaves the cached template, sibling and shared resources unchanged
  ---
  duration_ms: 1.1399
  type: 'test'
  ...
# Subtest: salvage: full cycle stays inside admitted clearances, completes once, and restores exact rest transforms
ok 837 - salvage: full cycle stays inside admitted clearances, completes once, and restores exact rest transforms
  ---
  duration_ms: 1.6887
  type: 'test'
  ...
# Subtest: salvage: pause freezes both pose and time; reset cancels without reporting completion
ok 838 - salvage: pause freezes both pose and time; reset cancels without reporting completion
  ---
  duration_ms: 1.0957
  type: 'test'
  ...
# Subtest: salvage: reduced motion remains visible, reduces travel, and preserves completion timing
ok 839 - salvage: reduced motion remains visible, reduces travel, and preserves completion timing
  ---
  duration_ms: 0.3648
  type: 'test'
  ...
# Subtest: salvage jaw closes monotonically, holds without vibration, and releases once
ok 840 - salvage jaw closes monotonically, holds without vibration, and releases once
  ---
  duration_ms: 1.0119
  type: 'test'
  ...
# Subtest: busy play cannot restart a cycle or change its output; completed stations can start a new cycle
ok 841 - busy play cannot restart a cycle or change its output; completed stations can start a new cycle
  ---
  duration_ms: 0.3306
  type: 'test'
  ...
# Subtest: invalid deltas do not poison timing; disposing restores pose and never disposes shared resources
ok 842 - invalid deltas do not poison timing; disposing restores pose and never disposes shared resources
  ---
  duration_ms: 0.6212
  type: 'test'
  ...
# Subtest: unsupported or incomplete models do not bind or partially mutate the hierarchy
ok 843 - unsupported or incomplete models do not bind or partially mutate the hierarchy
  ---
  duration_ms: 1.2102
  type: 'test'
  ...
# Subtest: streamed yield follows generated ID through unload/rebind without duplicate material or active pickup
ok 844 - streamed yield follows generated ID through unload/rebind without duplicate material or active pickup
  ---
  duration_ms: 115.6239
  type: 'test'
  ...
# Subtest: authored pickup records retain their ordinary node-key behavior
ok 845 - authored pickup records retain their ordinary node-key behavior
  ---
  duration_ms: 0.5946
  type: 'test'
  ...
# Subtest: generated forage harvests, unloads, and reloads with its stable saved identity
ok 846 - generated forage harvests, unloads, and reloads with its stable saved identity
  ---
  duration_ms: 109.9659
  type: 'test'
  ...
# Subtest: generated add ignores same resident ID and restores saved depletion as a dormant remnant
ok 847 - generated add ignores same resident ID and restores saved depletion as a dormant remnant
  ---
  duration_ms: 9.8881
  type: 'test'
  ...
# Subtest: failed persistent forage write has no yield or visible state change
ok 848 - failed persistent forage write has no yield or visible state change
  ---
  duration_ms: 8.746
  type: 'test'
  ...
# Subtest: chunk cycles keep resident count bounded and leave authored resource reset behavior unchanged
ok 849 - chunk cycles keep resident count bounded and leave authored resource reset behavior unchanged
  ---
  duration_ms: 50.7682
  type: 'test'
  ...
# Subtest: real Rapier ray hits a streamed surface immediately after add
ok 850 - real Rapier ray hits a streamed surface immediately after add
  ---
  duration_ms: 69.0238
  type: 'test'
  ...
# Subtest: streamed terrain origin translates local x/z into world coordinates
ok 851 - streamed terrain origin translates local x/z into world coordinates
  ---
  duration_ms: 1.1505
  type: 'test'
  ...
# Subtest: removing a streamed surface retires its ground and indexes
ok 852 - removing a streamed surface retires its ground and indexes
  ---
  duration_ms: 1.6412
  type: 'test'
  ...
# Subtest: active Camp selection isolates streamed sections
ok 853 - active Camp selection isolates streamed sections
  ---
  duration_ms: 2.1402
  type: 'test'
  ...
# Subtest: duplicate streamed ids are ignored without creating duplicate colliders
ok 854 - duplicate streamed ids are ignored without creating duplicate colliders
  ---
  duration_ms: 1.721
  type: 'test'
  ...
# Subtest: failed incoming collider allocation preserves old support and all public indexes, then retries
ok 855 - failed incoming collider allocation preserves old support and all public indexes, then retries
  ---
  duration_ms: 2.9221
  type: 'test'
  ...
# Subtest: terrain, rock scenery and discovery surfaces publish together with one broadphase refresh
ok 856 - terrain, rock scenery and discovery surfaces publish together with one broadphase refresh
  ---
  duration_ms: 1.5128
  type: 'test'
  ...
# Subtest: same-id replacement preserves explicit disablement and active-section filtering
ok 857 - same-id replacement preserves explicit disablement and active-section filtering
  ---
  duration_ms: 1.4807
  type: 'test'
  ...
# Subtest: skills award choice from secured levels only and never overspend
ok 858 - skills award choice from secured levels only and never overspend
  ---
  duration_ms: 7.6375
  type: 'test'
  ...
# Subtest: skill purchase failure rolls back point and unlock
ok 859 - skill purchase failure rolls back point and unlock
  ---
  duration_ms: 1.9412
  type: 'test'
  ...
# Subtest: old saves receive unspent points; skills survive reload and backup
ok 860 - old saves receive unspent points; skills survive reload and backup
  ---
  duration_ms: 5.8742
  type: 'test'
  ...
# Subtest: import normalization cannot grant duplicate, overspent or orphan skills
ok 861 - import normalization cannot grant duplicate, overspent or orphan skills
  ---
  duration_ms: 0.4325
  type: 'test'
  ...
# Subtest: terrain render vertices and authored height share one owner
ok 862 - terrain render vertices and authored height share one owner
  ---
  duration_ms: 298.7835
  type: 'test'
  ...
# Subtest: surface validation rejects unsafe mesh input and bounded paths
ok 863 - surface validation rejects unsafe mesh input and bounded paths
  ---
  duration_ms: 1.1392
  type: 'test'
  ...
# Subtest: graded course path keeps the full approach flat while retaining its surrounding hills
ok 864 - graded course path keeps the full approach flat while retaining its surrounding hills
  ---
  duration_ms: 0.3713
  type: 'test'
  ...
# Subtest: authored mesh parts retain transforms and real fitted bounds
ok 865 - authored mesh parts retain transforms and real fitted bounds
  ---
  duration_ms: 2.6634
  type: 'test'
  ...
# Subtest: edited focal asset ids still render their serialized authored parts
ok 866 - edited focal asset ids still render their serialized authored parts
  ---
  duration_ms: 2.9824
  type: 'test'
  ...
# Subtest: Sunscar room cleanup removes only the reviewed records after allocation and preserves alternate worlds and Camp
ok 867 - Sunscar room cleanup removes only the reviewed records after allocation and preserves alternate worlds and Camp
  ---
  duration_ms: 9164.7666
  type: 'test'
  ...
# Subtest: Sunscar prepared residency uses the same cleanup without refilling removed slots
ok 868 - Sunscar prepared residency uses the same cleanup without refilling removed slots
  ---
  duration_ms: 633.2503
  type: 'test'
  ...
# Subtest: pure water classification waits for contact and the offshore current wins gradually
ok 869 - pure water classification waits for contact and the offshore current wins gradually
  ---
  duration_ms: 2.3724
  type: 'test'
  ...
# Subtest: current is a gradual velocity field independent of fixed-step frequency
ok 870 - current is a gradual velocity field independent of fixed-step frequency
  ---
  duration_ms: 1.7313
  type: 'test'
  ...
# Subtest: real KCC walks diagonally through wade into floorless surface swim and exits onto support
ok 871 - real KCC walks diagonally through wade into floorless surface swim and exits onto support
  ---
  duration_ms: 144.927
  type: 'test'
  ...
# Subtest: airborne water entry cancels the pending fall impact only at surface contact
ok 872 - airborne water entry cancels the pending fall impact only at surface contact
  ---
  duration_ms: 4.1678
  type: 'test'
  ...
# Subtest: swimming ignores jump/dodge, bounds knockback, pauses cleanly and reset removes water mode
ok 873 - swimming ignores jump/dodge, bounds knockback, pauses cleanly and reset removes water mode
  ---
  duration_ms: 13.3285
  type: 'test'
  ...
# Subtest: survey cartridge resolves through the actual catalog with resource and XP siblings
ok 874 - survey cartridge resolves through the actual catalog with resource and XP siblings
  ---
  duration_ms: 5.587
  type: 'test'
  ...
# Subtest: full pack leaves the unique cartridge recoverable; freed slot, reload and repeated opening cannot duplicate it
ok 875 - full pack leaves the unique cartridge recoverable; freed slot, reload and repeated opening cannot duplicate it
  ---
  duration_ms: 36.6781
  type: 'test'
  ...
# Subtest: mixed reward partial claim persists cartridge remainder and never repeats accepted resources or XP
ok 876 - mixed reward partial claim persists cartridge remainder and never repeats accepted resources or XP
  ---
  duration_ms: 14.8484
  type: 'test'
  ...
# Subtest: failed initial and remainder saves retain ownership, callbacks and retryability
ok 877 - failed initial and remainder saves retain ownership, callbacks and retryability
  ---
  duration_ms: 13.9968
  type: 'test'
  ...
# Subtest: resource and XP refill sibling still waits for its persisted deadline
ok 878 - resource and XP refill sibling still waits for its persisted deadline
  ---
  duration_ms: 9.5402
  type: 'test'
  ...
# Subtest: world validation accepts catalog items and rejects unknown IDs, wrong resource family and invalid quantities
ok 879 - world validation accepts catalog items and rejects unknown IDs, wrong resource family and invalid quantities
  ---
  duration_ms: 51.6599
  type: 'test'
  ...
# Subtest: Author shared table JSON edits export and reload both chest references without aliasing reads
ok 880 - Author shared table JSON edits export and reload both chest references without aliasing reads
  ---
  duration_ms: 47.972
  type: 'test'
  ...
# Subtest: Author invalid JSON/item edits reject atomically across table, persisted draft and history
ok 881 - Author invalid JSON/item edits reject atomically across table, persisted draft and history
  ---
  duration_ms: 165.9415
  type: 'test'
  ...
# Subtest: authored prototype-name resources resolve and claim as own finite rewards through reload
ok 882 - authored prototype-name resources resolve and claim as own finite rewards through reload
  ---
  duration_ms: 8.6808
  type: 'test'
  ...
# Subtest: duplicate safe amounts cannot overflow item/resource totals or XP through validation and Author edits
ok 883 - duplicate safe amounts cannot overflow item/resource totals or XP through validation and Author edits
  ---
  duration_ms: 135.4293
  type: 'test'
  ...
# Subtest: contour ramp has continuous graded segments and full-width supported walking space
ok 884 - contour ramp has continuous graded segments and full-width supported walking space
  ---
  duration_ms: 3.4929
  type: 'test'
  ...
# Subtest: new graded heights use the same rendered terrain buffers exported to physics
ok 885 - new graded heights use the same rendered terrain buffers exported to physics
  ---
  duration_ms: 448.9813
  type: 'test'
  ...
# Subtest: mixed, incomplete, unsafe and zero-length ramp grades reject before rebasing world objects
ok 886 - mixed, incomplete, unsafe and zero-length ramp grades reject before rebasing world objects
  ---
  duration_ms: 2.2977
  type: 'test'
  ...
# Subtest: Author graded-landscape apply, reversal and JSON retain cache, resource and return-spawn offsets
ok 887 - Author graded-landscape apply, reversal and JSON retain cache, resource and return-spawn offsets
  ---
  duration_ms: 1.7545
  type: 'test'
  ...
# Subtest: authored polygon shelves support asymmetric flat tops and reject crossed outlines atomically
ok 888 - authored polygon shelves support asymmetric flat tops and reject crossed outlines atomically
  ---
  duration_ms: 318.1251
  type: 'test'
  ...
# Subtest: connected pools render their outer shoreline without bright internal rings
ok 889 - connected pools render their outer shoreline without bright internal rings
  ---
  duration_ms: 377.8028
  type: 'test'
  ...
# Subtest: pickups rest on the active authored terrain query before legacy platform data
ok 890 - pickups rest on the active authored terrain query before legacy platform data
  ---
  duration_ms: 11.0049
  type: 'test'
  ...
# Subtest: XP motes rest on the active authored terrain query before legacy platform data
ok 891 - XP motes rest on the active authored terrain query before legacy platform data
  ---
  duration_ms: 4.2896
  type: 'test'
  ...
# Subtest: optional shore tint preserves default terrain pixels, dry ground and physical mesh through landscape edits
ok 892 - optional shore tint preserves default terrain pixels, dry ground and physical mesh through landscape edits
  ---
  duration_ms: 882.355
  type: 'test'
  ...
# Subtest: fixed-step territorial warning completes on the same clock used by target eligibility
ok 893 - fixed-step territorial warning completes on the same clock used by target eligibility
  ---
  duration_ms: 61.8667
  type: 'test'
  ...
# Subtest: leaving territorial notice during WARN still releases the encounter
ok 894 - leaving territorial notice during WARN still releases the encounter
  ---
  duration_ms: 7.8018
  type: 'test'
  ...
# Subtest: Thornprowler R1 consumes four literal closed limbs and seven literal closed thorns
ok 895 - Thornprowler R1 consumes four literal closed limbs and seven literal closed thorns
  ---
  duration_ms: 21.9763
  type: 'test'
  ...
# Subtest: Thornprowler R1 preserves paw/torso attachment volume and changed-parts envelope
ok 896 - Thornprowler R1 preserves paw/torso attachment volume and changed-parts envelope
  ---
  duration_ms: 25.0977
  type: 'test'
  ...
# Subtest: Thornprowler R1 keeps all twelve protected components exactly at frozen snapshot transforms and geometry
ok 897 - Thornprowler R1 keeps all twelve protected components exactly at frozen snapshot transforms and geometry
  ---
  duration_ms: 38.6049
  type: 'test'
  ...
# Subtest: Thornprowler R1 leaves the six sibling code-native visual component orders untouched
ok 898 - Thornprowler R1 leaves the six sibling code-native visual component orders untouched
  ---
  duration_ms: 78.0923
  type: 'test'
  ...
# Subtest: ward remains independent from post-hit and dodge grace, expires, and clears on reset/restore
ok 899 - ward remains independent from post-hit and dodge grace, expires, and clears on reset/restore
  ---
  duration_ms: 4.2956
  type: 'test'
  ...
# Subtest: the real projectile guard consumes a blocked shot and permits damage after ward expiry
ok 900 - the real projectile guard consumes a blocked shot and permits damage after ward expiry
  ---
  duration_ms: 6.7124
  type: 'test'
  ...
# Subtest: Tidefin exposes authoritative active time, keeps cooldown, and returns no routine success message
ok 901 - Tidefin exposes authoritative active time, keeps cooldown, and returns no routine success message
  ---
  duration_ms: 7.7846
  type: 'test'
  ...
# Subtest: failed seal save leaves ward and cooldown untouched; other ability models keep zero active time
ok 902 - failed seal save leaves ward and cooldown untouched; other ability models keep zero active time
  ---
  duration_ms: 7.7701
  type: 'test'
  ...
# Subtest: ration recipe uses existing station, ingredient and persistent stack/loadout transactions
ok 903 - ration recipe uses existing station, ingredient and persistent stack/loadout transactions
  ---
  duration_ms: 16.6502
  type: 'test'
  ...
# Subtest: ration restores exactly1 health once, preserving stock at full health, in Camp, dead or on failed save
ok 904 - ration restores exactly1 health once, preserving stock at full health, in Camp, dead or on failed save
  ---
  duration_ms: 3.7575
  type: 'test'
  ...
# Subtest: food uses the existing edge-triggered equipment path; holding, modal blocking and selection cannot spend
ok 905 - food uses the existing edge-triggered equipment path; holding, modal blocking and selection cannot spend
  ---
  duration_ms: 2.7332
  type: 'test'
  ...
# Subtest: jump — airtime & distance
    # Subtest: airtime in readable 0.7-1.0 for running jump
    ok 1 - airtime in readable 0.7-1.0 for running jump
      ---
      duration_ms: 1.1883
      type: 'test'
      ...
    # Subtest: run distance > walk distance
    ok 2 - run distance > walk distance
      ---
      duration_ms: 0.2679
      type: 'test'
      ...
    1..2
ok 906 - jump — airtime & distance
  ---
  duration_ms: 2.873
  type: 'suite'
  ...
# Subtest: jump — validity gating
    # Subtest: sneak below threshold does not trigger representative gap
    ok 1 - sneak below threshold does not trigger representative gap
      ---
      duration_ms: 0.7713
      type: 'test'
      ...
    # Subtest: walk may trigger conservative short jump if reachable
    ok 2 - walk may trigger conservative short jump if reachable
      ---
      duration_ms: 0.4792
      type: 'test'
      ...
    # Subtest: run triggers farther jump
    ok 3 - run triggers farther jump
      ---
      duration_ms: 0.2302
      type: 'test'
      ...
    # Subtest: invalid direction (away) does not trigger
    ok 4 - invalid direction (away) does not trigger
      ---
      duration_ms: 0.2818
      type: 'test'
      ...
    # Subtest: out of trigger radius does not trigger
    ok 5 - out of trigger radius does not trigger
      ---
      duration_ms: 0.3449
      type: 'test'
      ...
    # Subtest: no landing region / unreachable does not trigger
    ok 6 - no landing region / unreachable does not trigger
      ---
      duration_ms: 0.5595
      type: 'test'
      ...
    1..6
ok 907 - jump — validity gating
  ---
  duration_ms: 4.3413
  type: 'suite'
  ...
# Subtest: jump — actual current position preserved
    # Subtest: jump starts from supplied current position, not fixed authored start
    ok 1 - jump starts from supplied current position, not fixed authored start
      ---
      duration_ms: 0.9028
      type: 'test'
      ...
    # Subtest: preserves approach momentum: run horizontal velocity > walk
    ok 2 - preserves approach momentum: run horizontal velocity > walk
      ---
      duration_ms: 0.6442
      type: 'test'
      ...
    1..2
ok 908 - jump — actual current position preserved
  ---
  duration_ms: 1.8668
  type: 'suite'
  ...
# Subtest: jump — air control capped
    # Subtest: air control cannot instantly reverse direction
    ok 1 - air control cannot instantly reverse direction
      ---
      duration_ms: 0.6406
      type: 'test'
      ...
    1..1
ok 909 - jump — air control capped
  ---
  duration_ms: 0.8421
  type: 'suite'
  ...
# Subtest: climb — entry & mantle
    # Subtest: bottom entry recognized when moving into wall
    ok 1 - bottom entry recognized when moving into wall
      ---
      duration_ms: 0.3506
      type: 'test'
      ...
    # Subtest: bottom entry rejected when far
    ok 2 - bottom entry rejected when far
      ---
      duration_ms: 0.1817
      type: 'test'
      ...
    # Subtest: top entry recognized inside topEntryRegion moving south
    ok 3 - top entry recognized inside topEntryRegion moving south
      ---
      duration_ms: 0.2533
      type: 'test'
      ...
    # Subtest: top entry rejected outside region
    ok 4 - top entry rejected outside region
      ---
      duration_ms: 0.1604
      type: 'test'
      ...
    # Subtest: downward input descends instead of instant detach
    ok 5 - downward input descends instead of instant detach
      ---
      duration_ms: 0.566
      type: 'test'
      ...
    # Subtest: mantle endpoint is small ledge offset, not platform center teleport
    ok 6 - mantle endpoint is small ledge offset, not platform center teleport
      ---
      duration_ms: 0.276
      type: 'test'
      ...
    1..6
ok 910 - climb — entry & mantle
  ---
  duration_ms: 2.0436
  type: 'suite'
  ...
# Subtest: Tripo trial ledger refuses a reservation that crosses its hard cap
ok 911 - Tripo trial ledger refuses a reservation that crosses its hard cap
  ---
  duration_ms: 2.8399
  type: 'test'
  ...
# Subtest: Tripo trial ledger counts uncertain reservations conservatively
ok 912 - Tripo trial ledger counts uncertain reservations conservatively
  ---
  duration_ms: 0.2634
  type: 'test'
  ...
# Subtest: Tripo trial ledger counts actual overages and never raises its hard cap
ok 913 - Tripo trial ledger counts actual overages and never raises its hard cap
  ---
  duration_ms: 0.2707
  type: 'test'
  ...
# Subtest: Verdant uplands standalone composition
    # Subtest: is idempotent, expands only Verdant, and validates the bounded shared surface
    ok 1 - is idempotent, expands only Verdant, and validates the bounded shared surface
      ---
      duration_ms: 787.5864
      type: 'test'
      ...
    # Subtest: holds Survey, Forest Edge, and Rootfall on their accepted transforms
    ok 2 - holds Survey, Forest Edge, and Rootfall on their accepted transforms
      ---
      duration_ms: 97.4726
      type: 'test'
      ...
    # Subtest: grades the West Hollow terminal support smoothly in both walking directions
    ok 3 - grades the West Hollow terminal support smoothly in both walking directions
      ---
      duration_ms: 95.6446
      type: 'test'
      ...
    # Subtest: authors a broad, connected 3/6/8m upland loop with no unmeasured jump lane
    ok 4 - authors a broad, connected 3/6/8m upland loop with no unmeasured jump lane
      ---
      duration_ms: 93.8513
      type: 'test'
      ...
    # Subtest: uses authored polygon shelves, invisible wide grades, and clustered woodland
    ok 5 - uses authored polygon shelves, invisible wide grades, and clustered woodland
      ---
      duration_ms: 555.6768
      type: 'test'
      ...
    # Subtest: keeps three distinct discovery contexts, a dry Mossling bank, and clear main routes
    ok 6 - keeps three distinct discovery contexts, a dry Mossling bank, and clear main routes
      ---
      duration_ms: 285.7337
      type: 'test'
      ...
    # Subtest: grounds waypoint and creature support while keeping real collision footprints clear
    ok 7 - grounds waypoint and creature support while keeping real collision footprints clear
      ---
      duration_ms: 103.516
      type: 'test'
      ...
    1..7
ok 914 - Verdant uplands standalone composition
  ---
  duration_ms: 2021.5079
  type: 'suite'
  ...
# Subtest: every Author asset has a maintained mesh kit or a local model, and kit transforms stay finite
ok 915 - every Author asset has a maintained mesh kit or a local model, and kit transforms stay finite
  ---
  duration_ms: 857.1827
  type: 'test'
  ...
# Subtest: closed faceted meshes face outward on both caps
ok 916 - closed faceted meshes face outward on both caps
  ---
  duration_ms: 1.0867
  type: 'test'
  ...
# Subtest: resource visual rebuild retains the harvest chunk contract and Author/runtime bounds
ok 917 - resource visual rebuild retains the harvest chunk contract and Author/runtime bounds
  ---
  duration_ms: 24.5906
  type: 'test'
  ...
# Subtest: explorer rig and equipped tool instantiate with bounded geometry and preserved gait anchors
ok 918 - explorer rig and equipped tool instantiate with bounded geometry and preserved gait anchors
  ---
  duration_ms: 19.1226
  type: 'test'
  ...
# Subtest: builtin dimensional fits survive authored placement for either fence axis and scaled machines
ok 919 - builtin dimensional fits survive authored placement for either fence axis and scaled machines
  ---
  duration_ms: 30.7886
  type: 'test'
  ...
# Subtest: every authored waypoint start can extract on its first return, including starts outside the action radius
ok 920 - every authored waypoint start can extract on its first return, including starts outside the action radius
  ---
  duration_ms: 288.6287
  type: 'test'
  ...
# Subtest: a spawn inside its waypoint remains suppressed until it actually leaves
ok 921 - a spawn inside its waypoint remains suppressed until it actually leaves
  ---
  duration_ms: 255.554
  type: 'test'
  ...
# Subtest: the Camp gate offers banking only after the continuous outing crossed the Camp boundary
ok 922 - the Camp gate offers banking only after the continuous outing crossed the Camp boundary
  ---
  duration_ms: 266.6821
  type: 'test'
  ...
# Subtest: leaving the frontier, returning inside Camp, and reloading preserves Camp gate eligibility
ok 923 - leaving the frontier, returning inside Camp, and reloading preserves Camp gate eligibility
  ---
  duration_ms: 255.3003
  type: 'test'
  ...
# Subtest: two Mossling instances express independently while preserving borrowed assets and material properties
ok 924 - two Mossling instances express independently while preserving borrowed assets and material properties
  ---
  duration_ms: 8.7974
  type: 'test'
  ...
# Subtest: validation leaves the model untouched when a required channel or valid genome is absent
ok 925 - validation leaves the model untouched when a required channel or valid genome is absent
  ---
  duration_ms: 3.5807
  type: 'test'
  ...
# Subtest: admitted V3 expresses body tone only and leaves eye genes invisible
ok 926 - admitted V3 expresses body tone only and leaves eye genes invisible
  ---
  duration_ms: 2.3009
  type: 'test'
  ...
# Subtest: external instance disposal releases each unique appearance clone once and keeps borrowed resources
ok 927 - external instance disposal releases each unique appearance clone once and keeps borrowed resources
  ---
  duration_ms: 1.1885
  type: 'test'
  ...
# Subtest: existing instance-owned tint materials are reused, styled and disposed without orphan clones
ok 928 - existing instance-owned tint materials are reused, styled and disposed without orphan clones
  ---
  duration_ms: 1.0306
  type: 'test'
  ...
# Subtest: Mossling creation is deterministic and call-order independent
ok 929 - Mossling creation is deterministic and call-order independent
  ---
  duration_ms: 4.0688
  type: 'test'
  ...
# Subtest: normalization rejects invalid imports and clones the accepted genome
ok 930 - normalization rejects invalid imports and clones the accepted genome
  ---
  duration_ms: 0.988
  type: 'test'
  ...
# Subtest: cross-ecotype inheritance keeps every trait parental while preserving a compatible allele
ok 931 - cross-ecotype inheritance keeps every trait parental while preserving a compatible allele
  ---
  duration_ms: 1.3838
  type: 'test'
  ...
# Subtest: expression resolves approved palettes, named traits, and numeric size scale
ok 932 - expression resolves approved palettes, named traits, and numeric size scale
  ---
  duration_ms: 0.3412
  type: 'test'
  ...
# Subtest: inheritance selects parent alleles and can preserve a compatible trait
ok 933 - inheritance selects parent alleles and can preserve a compatible trait
  ---
  duration_ms: 0.2916
  type: 'test'
  ...
# Subtest: capture persists the exact pending individual and source atomically across reload
ok 934 - capture persists the exact pending individual and source atomically across reload
  ---
  duration_ms: 17.2306
  type: 'test'
  ...
# Subtest: banking retains two same-species individuals and does not replay a resolved run
ok 935 - banking retains two same-species individuals and does not replay a resolved run
  ---
  duration_ms: 3.4858
  type: 'test'
  ...
# Subtest: death clears pending bonds while preserving selected owned identity and capture history
ok 936 - death clears pending bonds while preserving selected owned identity and capture history
  ---
  duration_ms: 2.3142
  type: 'test'
  ...
# Subtest: quiet rear approach stays unnoticed, but crossing the animal view or touching close space is detected
ok 937 - quiet rear approach stays unnoticed, but crossing the animal view or touching close space is detected
  ---
  duration_ms: 1.4804
  type: 'test'
  ...
# Subtest: quiet frontal vision respects walls, elevation and range
ok 938 - quiet frontal vision respects walls, elevation and range
  ---
  duration_ms: 0.3688
  type: 'test'
  ...
# Subtest: retained historical course hazards cannot kill from invisible retired geometry
ok 939 - retained historical course hazards cannot kill from invisible retired geometry
  ---
  duration_ms: 1.6102
  type: 'test'
  ...
# Subtest: world hazards fire once per entry and reset on a section change
ok 940 - world hazards fire once per entry and reset on a section change
  ---
  duration_ms: 1.8555
  type: 'test'
  ...
# Subtest: world hazards honor rotated volume bounds
ok 941 - world hazards honor rotated volume bounds
  ---
  duration_ms: 0.6139
  type: 'test'
  ...
# Subtest: projection follows orbit, rejects offscreen, near-plane and behind-camera points
ok 942 - projection follows orbit, rejects offscreen, near-plane and behind-camera points
  ---
  duration_ms: 4.8954
  type: 'test'
  ...
# Subtest: label retains a connection at screen edges and avoids controls, or hides when no space remains
ok 943 - label retains a connection at screen edges and avoids controls, or hides when no space remains
  ---
  duration_ms: 0.646
  type: 'test'
  ...
# Subtest: a moving label retains its valid side when preferred space opens, but never crosses body or HUD
ok 944 - a moving label retains its valid side when preferred space opens, but never crosses body or HUD
  ---
  duration_ms: 1.7542
  type: 'test'
  ...
# Subtest: all authored families and placed workbenches resolve the same selected ID
ok 945 - all authored families and placed workbenches resolve the same selected ID
  ---
  duration_ms: 0.7698
  type: 'test'
  ...
# Subtest: actual visual height anchors labels and live creature state continues moving without target replacement
ok 946 - actual visual height anchors labels and live creature state continues moving without target replacement
  ---
  duration_ms: 5.3874
  type: 'test'
  ...
# Subtest: opaque scenery hides the anchor; faded scenery and the object itself do not
ok 947 - opaque scenery hides the anchor; faded scenery and the object itself do not
  ---
  duration_ms: 3.7414
  type: 'test'
  ...
# Subtest: nested prop metadata cannot admit the selected storage body before its root exclusion
ok 948 - nested prop metadata cannot admit the selected storage body before its root exclusion
  ---
  duration_ms: 2.318
  type: 'test'
  ...
# Subtest: guide-blocked creature labels use body sides, recheck clamps, and preserve a 48px target
ok 949 - guide-blocked creature labels use body sides, recheck clamps, and preserve a 48px target
  ---
  duration_ms: 0.5265
  type: 'test'
  ...
# Subtest: cached creature body follows live scale/yaw, excludes health/effects and clears on capture/disposal
ok 950 - cached creature body follows live scale/yaw, excludes health/effects and clears on capture/disposal
  ---
  duration_ms: 2.143
  type: 'test'
  ...
# Subtest: creature anchor is correct before the first visual-root position sync
ok 951 - creature anchor is correct before the first visual-root position sync
  ---
  duration_ms: 1.602
  type: 'test'
  ...
# Subtest: bounds projection rejects near-plane/offscreen envelopes without changing point projection
ok 952 - bounds projection rejects near-plane/offscreen envelopes without changing point projection
  ---
  duration_ms: 0.5825
  type: 'test'
  ...
# Subtest: candidate presentation rejects blocked LOS and permits a visible nearby fallback
ok 953 - candidate presentation rejects blocked LOS and permits a visible nearby fallback
  ---
  duration_ms: 1.2222
  type: 'test'
  ...
# Subtest: candidate switches reuse cached scene and LOS work, with eight-target eviction
ok 954 - candidate switches reuse cached scene and LOS work, with eight-target eviction
  ---
  duration_ms: 1.6848
  type: 'test'
  ...
# Subtest: wall time and render dt share one LOS timebase
ok 955 - wall time and render dt share one LOS timebase
  ---
  duration_ms: 1.6864
  type: 'test'
  ...
# Subtest: cached targets exclude their own geometry and recover after retirement and recreation
ok 956 - cached targets exclude their own geometry and recover after retirement and recreation
  ---
  duration_ms: 1.2183
  type: 'test'
  ...
1..956
# tests 1438
# suites 175
# pass 1438
# fail 0
# cancelled 0
# skipped 0
# todo 0
# duration_ms 126764.3957
[check-world] PASS — world.json and world.generated.js in sync
[check-campaign] PASS — route, carried renewable economy, companion identity, finale order, and coarse walkability are coherent.
section_1: XP 62 (L2), reachable renewable harvest {"wood":26,"stone":12,"fiber":9,"berries":16,"iron_ore":10,"crystal_shard":0,"wildflower":3}
section_2: XP 263 (L3), reachable renewable harvest {"wood":36,"stone":24,"fiber":15,"berries":16,"iron_ore":10,"crystal_shard":8,"wildflower":6}
section_3: XP 503 (L4), reachable renewable harvest {"wood":41,"stone":28,"fiber":18,"berries":16,"iron_ore":35,"crystal_shard":12,"wildflower":6}
section_4: XP 865 (L5), reachable renewable harvest {"wood":46,"stone":32,"fiber":21,"berries":16,"iron_ore":50,"crystal_shard":32,"wildflower":9}
section_5: XP 1145 (L5), reachable renewable harvest {"wood":51,"stone":36,"fiber":24,"berries":16,"iron_ore":50,"crystal_shard":76,"wildflower":9}
[check-campaign] Coarse walkability is an estimate only; run a physical playtest before release.
[build] wrote dist\submission\index.html (30250.0 KB)
[build] vendor/three.module.js 1243.1 KB
[build] vendor/rapier.js 2790.6 KB
[build] submission dir: dist\submission
[build] next: npm run validate  |  npm run zip
[validate] submission size 64189.9 KB (62.69 MB)
[validate] PASS — submission looks compliant
